CIN,Company Name,Company Class,Date Of Incorporation,Authorized Capital,Paid Up Capital,Company Status,Principal Business Activity,Registered Office Address,Roc Code,State
L20550242929244304943,Maharashtra Innovations Pvt Ltd 1,One Person Company,15/01/2024,5000000,100000,Active,6820,"Plot 0, Maharashtra Tech Park",ROC-MAH,Maharashtra
L78358583783479562679,Maharashtra Innovations Pvt Ltd 2,Public,09/04/2024,500000,50000,Active,1010,"Plot 1, Maharashtra Tech Park",ROC-MAH,Maharashtra
L83731984310651737649,Maharashtra Innovations Pvt Ltd 3,Private,27/07/2025,100000,50000,Active,6202,"Plot 2, Maharashtra Tech Park",ROC-MAH,Maharashtra
L42694702284880143986,Maharashtra Innovations Pvt Ltd 4,Private,23/03/2024,100000,50000,Active,8299,"Plot 3, Maharashtra Tech Park",ROC-MAH,Maharashtra
L19865001551094415819,Maharashtra Innovations Pvt Ltd 5,Public,08/03/2024,1000000,50000,Active,6820,"Plot 4, Maharashtra Tech Park",ROC-MAH,Maharashtra
L77592206439335774538,Maharashtra Innovations Pvt Ltd 6,One Person Company,12/08/2025,5000000,100000,Active,1010,"Plot 5, Maharashtra Tech Park",ROC-MAH,Maharashtra
L87270932563681242797,Maharashtra Innovations Pvt Ltd 7,Private,28/02/2024,5000000,50000,Active,8299,"Plot 6, Maharashtra Tech Park",ROC-MAH,Maharashtra
L76871935162217500674,Maharashtra Innovations Pvt Ltd 8,Public,16/10/2024,1000000,50000,Active,8299,"Plot 7, Maharashtra Tech Park",ROC-MAH,Maharashtra
L52860644135964820383,Maharashtra Innovations Pvt Ltd 9,Private,25/01/2025,10000000,200000,Strike Off,1010,"Plot 8, Maharashtra Tech Park",ROC-MAH,Maharashtra
L35152818471529479042,Maharashtra Innovations Pvt Ltd 10,Public,07/12/2024,100000,100000,Active,6820,"Plot 9, Maharashtra Tech Park",ROC-MAH,Maharashtra
L86504203112776583076,Maharashtra Innovations Pvt Ltd 11,Private,27/05/2025,1000000,500000,Active,6202,"Plot 10, Maharashtra Tech Park",ROC-MAH,Maharashtra
L42844330682120561753,Maharashtra Innovations Pvt Ltd 12,One Person Company,28/05/2024,1000000,200000,Active,6202,"Plot 11, Maharashtra Tech Park",ROC-MAH,Maharashtra
L30877956582229283686,Maharashtra Innovations Pvt Ltd 13,Public,19/06/2025,1000000,200000,Active,8299,"Plot 12, Maharashtra Tech Park",ROC-MAH,Maharashtra
L54370807384288337185,Maharashtra Innovations Pvt Ltd 14,Public,22/01/2025,10000000,100000,Strike Off,1010,"Plot 13, Maharashtra Tech Park",ROC-MAH,Maharashtra
L21444342048832017076,Maharashtra Innovations Pvt Ltd 15,Public,06/04/2024,5000000,100000,Active,8299,"Plot 14, Maharashtra Tech Park",ROC-MAH,Maharashtra
L82935742538236635251,Maharashtra Innovations Pvt Ltd 16,Private,12/03/2024,1000000,200000,Active,1010,"Plot 15, Maharashtra Tech Park",ROC-MAH,Maharashtra
L65558105972908027237,Maharashtra Innovations Pvt Ltd 17,Public,10/04/2025,10000000,100000,Active,1010,"Plot 16, Maharashtra Tech Park",ROC-MAH,Maharashtra
L73096440958874080742,Maharashtra Innovations Pvt Ltd 18,One Person Company,10/06/2024,100000,100000,Strike Off,1010,"Plot 17, Maharashtra Tech Park",ROC-MAH,Maharashtra
L20727740969478660311,Maharashtra Innovations Pvt Ltd 19,Public,19/06/2024,100000,100000,Active,8299,"Plot 18, Maharashtra Tech Park",ROC-MAH,Maharashtra
L27300928618912912588,Maharashtra Innovations Pvt Ltd 20,One Person Company,27/01/2024,1000000,500000,Active,6202,"Plot 19, Maharashtra Tech Park",ROC-MAH,Maharashtra
L15271082069440867854,Maharashtra Innovations Pvt Ltd 21,Private,07/10/2024,500000,500000,Active,6820,"Plot 20, Maharashtra Tech Park",ROC-MAH,Maharashtra
L84591228679853076174,Maharashtra Innovations Pvt Ltd 22,Private,06/04/2024,10000000,500000,Active,1010,"Plot 21, Maharashtra Tech Park",ROC-MAH,Maharashtra
L32912005471375030147,Maharashtra Innovations Pvt Ltd 23,Public,15/05/2025,1000000,200000,Amalgamated,1010,"Plot 22, Maharashtra Tech Park",ROC-MAH,Maharashtra
L59215494949426531803,Maharashtra Innovations Pvt Ltd 24,Private,16/12/2024,5000000,50000,Active,1010,"Plot 23, Maharashtra Tech Park",ROC-MAH,Maharashtra
L15462291290446320721,Maharashtra Innovations Pvt Ltd 25,One Person Company,05/07/2025,1000000,50000,Active,1010,"Plot 24, Maharashtra Tech Park",ROC-MAH,Maharashtra
L58792464740435241554,Maharashtra Innovations Pvt Ltd 26,Private,07/04/2024,5000000,50000,Active,1010,"Plot 25, Maharashtra Tech Park",ROC-MAH,Maharashtra
L95022935693507682102,Maharashtra Innovations Pvt Ltd 27,One Person Company,30/11/2023,1000000,100000,Strike Off,8299,"Plot 26, Maharashtra Tech Park",ROC-MAH,Maharashtra
L36287300007252461552,Maharashtra Innovations Pvt Ltd 28,Private,27/03/2025,500000,500000,Active,6202,"Plot 27, Maharashtra Tech Park",ROC-MAH,Maharashtra
L18727822179076620384,Maharashtra Innovations Pvt Ltd 29,Private,12/04/2025,10000000,50000,Active,8299,"Plot 28, Maharashtra Tech Park",ROC-MAH,Maharashtra
L80321768135272125170,Maharashtra Innovations Pvt Ltd 30,Public,12/04/2025,500000,500000,Active,8299,"Plot 29, Maharashtra Tech Park",ROC-MAH,Maharashtra
L11971627676564600844,Maharashtra Innovations Pvt Ltd 31,Public,16/09/2025,1000000,50000,Active,1010,"Plot 30, Maharashtra Tech Park",ROC-MAH,Maharashtra
L06699375331134753671,Maharashtra Innovations Pvt Ltd 32,Public,17/01/2024,500000,100000,Active,8299,"Plot 31, Maharashtra Tech Park",ROC-MAH,Maharashtra
L80809915506717854880,Maharashtra Innovations Pvt Ltd 33,Public,29/05/2025,100000,100000,Active,6202,"Plot 32, Maharashtra Tech Park",ROC-MAH,Maharashtra
L20572409690876964440,Maharashtra Innovations Pvt Ltd 34,One Person Company,19/02/2024,1000000,50000,Active,8299,"Plot 33, Maharashtra Tech Park",ROC-MAH,Maharashtra
L84322490456821286814,Maharashtra Innovations Pvt Ltd 35,Private,04/05/2025,500000,500000,Active,1010,"Plot 34, Maharashtra Tech Park",ROC-MAH,Maharashtra
L57503618776312547550,Maharashtra Innovations Pvt Ltd 36,Private,08/12/2024,5000000,200000,Strike Off,6820,"Plot 35, Maharashtra Tech Park",ROC-MAH,Maharashtra
L05594494571503928250,Maharashtra Innovations Pvt Ltd 37,One Person Company,03/09/2024,5000000,500000,Strike Off,1010,"Plot 36, Maharashtra Tech Park",ROC-MAH,Maharashtra
L39950360795498145648,Maharashtra Innovations Pvt Ltd 38,Private,18/01/2024,500000,200000,Active,8299,"Plot 37, Maharashtra Tech Park",ROC-MAH,Maharashtra
L43632870687753728116,Maharashtra Innovations Pvt Ltd 39,Private,25/01/2024,5000000,100000,Active,8299,"Plot 38, Maharashtra Tech Park",ROC-MAH,Maharashtra
L47315809698989247730,Maharashtra Innovations Pvt Ltd 40,Public,17/11/2023,5000000,100000,Active,8299,"Plot 39, Maharashtra Tech Park",ROC-MAH,Maharashtra
L88190143387501519445,Maharashtra Innovations Pvt Ltd 41,Public,08/03/2025,500000,100000,Active,6202,"Plot 40, Maharashtra Tech Park",ROC-MAH,Maharashtra
L25700158327984812665,Maharashtra Innovations Pvt Ltd 42,One Person Company,25/03/2024,500000,100000,Active,8299,"Plot 41, Maharashtra Tech Park",ROC-MAH,Maharashtra
L10411679730603715584,Maharashtra Innovations Pvt Ltd 43,Public,04/02/2025,10000000,500000,Active,8299,"Plot 42, Maharashtra Tech Park",ROC-MAH,Maharashtra
L47971675482938576120,Maharashtra Innovations Pvt Ltd 44,One Person Company,08/09/2024,10000000,200000,Active,1010,"Plot 43, Maharashtra Tech Park",ROC-MAH,Maharashtra
L42206901334130109933,Maharashtra Innovations Pvt Ltd 45,Private,07/04/2025,1000000,200000,Active,1010,"Plot 44, Maharashtra Tech Park",ROC-MAH,Maharashtra
L05178347242922666974,Maharashtra Innovations Pvt Ltd 46,One Person Company,28/01/2024,5000000,200000,Active,6202,"Plot 45, Maharashtra Tech Park",ROC-MAH,Maharashtra
L78268392402773177932,Maharashtra Innovations Pvt Ltd 47,One Person Company,15/03/2024,100000,100000,Active,1010,"Plot 46, Maharashtra Tech Park",ROC-MAH,Maharashtra
L48885548976654322535,Maharashtra Innovations Pvt Ltd 48,Private,08/11/2024,5000000,200000,Active,1010,"Plot 47, Maharashtra Tech Park",ROC-MAH,Maharashtra
L91482853675454706991,Maharashtra Innovations Pvt Ltd 49,Public,22/10/2023,100000,50000,Active,6820,"Plot 48, Maharashtra Tech Park",ROC-MAH,Maharashtra
L80338445008230871765,Maharashtra Innovations Pvt Ltd 50,Public,08/12/2024,500000,200000,Strike Off,1010,"Plot 49, Maharashtra Tech Park",ROC-MAH,Maharashtra
L01885533420060029331,Maharashtra Innovations Pvt Ltd 51,Public,20/01/2025,1000000,500000,Active,6820,"Plot 0, Maharashtra Tech Park",ROC-MAH,Maharashtra
L16372580072404572298,Maharashtra Innovations Pvt Ltd 52,Public,06/10/2024,5000000,500000,Active,6820,"Plot 1, Maharashtra Tech Park",ROC-MAH,Maharashtra
L52847676216221370044,Maharashtra Innovations Pvt Ltd 53,Private,27/03/2024,100000,100000,Active,1010,"Plot 2, Maharashtra Tech Park",ROC-MAH,Maharashtra
L45701825416303566625,Maharashtra Innovations Pvt Ltd 54,Public,03/11/2023,5000000,50000,Active,8299,"Plot 3, Maharashtra Tech Park",ROC-MAH,Maharashtra
L88799015948419380062,Maharashtra Innovations Pvt Ltd 55,Public,20/01/2024,100000,100000,Active,8299,"Plot 4, Maharashtra Tech Park",ROC-MAH,Maharashtra
L79559665385323214152,Maharashtra Innovations Pvt Ltd 56,Private,30/10/2024,1000000,100000,Active,1010,"Plot 5, Maharashtra Tech Park",ROC-MAH,Maharashtra
L58313029894524753180,Maharashtra Innovations Pvt Ltd 57,Private,06/05/2025,5000000,200000,Active,1010,"Plot 6, Maharashtra Tech Park",ROC-MAH,Maharashtra
L20938955091512348389,Maharashtra Innovations Pvt Ltd 58,Private,06/09/2025,5000000,50000,Dissolved,6820,"Plot 7, Maharashtra Tech Park",ROC-MAH,Maharashtra
L91376046308417129016,Maharashtra Innovations Pvt Ltd 59,One Person Company,07/03/2024,1000000,500000,Active,6820,"Plot 8, Maharashtra Tech Park",ROC-MAH,Maharashtra
L72950677290858600548,Maharashtra Innovations Pvt Ltd 60,Private,26/03/2024,1000000,50000,Active,6202,"Plot 9, Maharashtra Tech Park",ROC-MAH,Maharashtra
L59731411598356573062,Maharashtra Innovations Pvt Ltd 61,Public,09/09/2025,500000,50000,Active,1010,"Plot 10, Maharashtra Tech Park",ROC-MAH,Maharashtra
L44094162322340379684,Maharashtra Innovations Pvt Ltd 62,Private,10/12/2024,500000,500000,Active,8299,"Plot 11, Maharashtra Tech Park",ROC-MAH,Maharashtra
L64390996004852265854,Maharashtra Innovations Pvt Ltd 63,One Person Company,29/08/2024,100000,100000,Active,6820,"Plot 12, Maharashtra Tech Park",ROC-MAH,Maharashtra
L85846360674145155009,Maharashtra Innovations Pvt Ltd 64,One Person Company,13/12/2023,500000,100000,Strike Off,6820,"Plot 13, Maharashtra Tech Park",ROC-MAH,Maharashtra
L89665257780022979011,Maharashtra Innovations Pvt Ltd 65,One Person Company,26/03/2025,100000,100000,Active,1010,"Plot 14, Maharashtra Tech Park",ROC-MAH,Maharashtra
L04679064902690640008,Maharashtra Innovations Pvt Ltd 66,Private,27/08/2024,1000000,200000,Active,1010,"Plot 15, Maharashtra Tech Park",ROC-MAH,Maharashtra
L98587708582258622182,Maharashtra Innovations Pvt Ltd 67,One Person Company,28/09/2024,100000,100000,Active,6202,"Plot 16, Maharashtra Tech Park",ROC-MAH,Maharashtra
L17558733801153922257,Maharashtra Innovations Pvt Ltd 68,One Person Company,17/06/2025,5000000,200000,Active,8299,"Plot 17, Maharashtra Tech Park",ROC-MAH,Maharashtra
L10817837899469302426,Maharashtra Innovations Pvt Ltd 69,Public,11/09/2024,5000000,100000,Active,1010,"Plot 18, Maharashtra Tech Park",ROC-MAH,Maharashtra
L62493944599577871909,Maharashtra Innovations Pvt Ltd 70,One Person Company,29/12/2023,5000000,200000,Active,6202,"Plot 19, Maharashtra Tech Park",ROC-MAH,Maharashtra
L05825204936596436657,Maharashtra Innovations Pvt Ltd 71,Private,25/04/2024,10000000,500000,Active,8299,"Plot 20, Maharashtra Tech Park",ROC-MAH,Maharashtra
L70455424715877767511,Maharashtra Innovations Pvt Ltd 72,Public,29/11/2023,100000,100000,Active,1010,"Plot 21, Maharashtra Tech Park",ROC-MAH,Maharashtra
L39220234254255710369,Maharashtra Innovations Pvt Ltd 73,Public,12/11/2024,10000000,50000,Active,1010,"Plot 22, Maharashtra Tech Park",ROC-MAH,Maharashtra
L83219832671644241350,Maharashtra Innovations Pvt Ltd 74,One Person Company,11/04/2025,100000,100000,Active,6820,"Plot 23, Maharashtra Tech Park",ROC-MAH,Maharashtra
L16517644688859520630,Maharashtra Innovations Pvt Ltd 75,Public,27/10/2023,5000000,100000,Active,6202,"Plot 24, Maharashtra Tech Park",ROC-MAH,Maharashtra
L13106753527914051359,Maharashtra Innovations Pvt Ltd 76,Public,27/12/2023,5000000,500000,Active,6820,"Plot 25, Maharashtra Tech Park",ROC-MAH,Maharashtra
L77903366746782234906,Maharashtra Innovations Pvt Ltd 77,One Person Company,12/12/2024,10000000,100000,Active,6202,"Plot 26, Maharashtra Tech Park",ROC-MAH,Maharashtra
L60092116913157934324,Maharashtra Innovations Pvt Ltd 78,One Person Company,29/06/2025,5000000,500000,Active,6820,"Plot 27, Maharashtra Tech Park",ROC-MAH,Maharashtra
L77960334953157765164,Maharashtra Innovations Pvt Ltd 79,Public,27/10/2024,500000,500000,Active,8299,"Plot 28, Maharashtra Tech Park",ROC-MAH,Maharashtra
L60069869471858127096,Maharashtra Innovations Pvt Ltd 80,Public,27/07/2025,100000,100000,Active,1010,"Plot 29, Maharashtra Tech Park",ROC-MAH,Maharashtra
L85268216638700452895,Maharashtra Innovations Pvt Ltd 81,One Person Company,18/06/2024,100000,50000,Active,8299,"Plot 30, Maharashtra Tech Park",ROC-MAH,Maharashtra
L57422515576785292043,Maharashtra Innovations Pvt Ltd 82,Private,29/02/2024,100000,100000,Active,6202,"Plot 31, Maharashtra Tech Park",ROC-MAH,Maharashtra
L65391033053000797167,Maharashtra Innovations Pvt Ltd 83,Private,02/03/2025,500000,200000,Active,6820,"Plot 32, Maharashtra Tech Park",ROC-MAH,Maharashtra
L08615106114460723839,Maharashtra Innovations Pvt Ltd 84,Public,26/08/2024,10000000,200000,Active,8299,"Plot 33, Maharashtra Tech Park",ROC-MAH,Maharashtra
L83850218088770792600,Maharashtra Innovations Pvt Ltd 85,One Person Company,28/03/2024,10000000,50000,Active,1010,"Plot 34, Maharashtra Tech Park",ROC-MAH,Maharashtra
L55154257802270421726,Maharashtra Innovations Pvt Ltd 86,Public,19/09/2025,100000,100000,Active,6820,"Plot 35, Maharashtra Tech Park",ROC-MAH,Maharashtra
L15642335903939083629,Maharashtra Innovations Pvt Ltd 87,Public,21/03/2025,1000000,500000,Active,1010,"Plot 36, Maharashtra Tech Park",ROC-MAH,Maharashtra
L70771358776812975989,Maharashtra Innovations Pvt Ltd 88,Private,05/04/2025,500000,200000,Active,6820,"Plot 37, Maharashtra Tech Park",ROC-MAH,Maharashtra
L90284916136366058129,Maharashtra Innovations Pvt Ltd 89,Public,05/07/2024,5000000,50000,Active,8299,"Plot 38, Maharashtra Tech Park",ROC-MAH,Maharashtra
L03599384789450631425,Maharashtra Innovations Pvt Ltd 90,Public,06/11/2024,1000000,500000,Active,6202,"Plot 39, Maharashtra Tech Park",ROC-MAH,Maharashtra
L30764946475481072697,Maharashtra Innovations Pvt Ltd 91,Public,19/02/2024,10000000,50000,Active,6202,"Plot 40, Maharashtra Tech Park",ROC-MAH,Maharashtra
L86947163806574008959,Maharashtra Innovations Pvt Ltd 92,One Person Company,23/03/2025,100000,100000,Active,6202,"Plot 41, Maharashtra Tech Park",ROC-MAH,Maharashtra
L70059050527504725459,Maharashtra Innovations Pvt Ltd 93,One Person Company,12/10/2025,100000,100000,Active,6202,"Plot 42, Maharashtra Tech Park",ROC-MAH,Maharashtra
L93551130866220223329,Maharashtra Innovations Pvt Ltd 94,One Person Company,19/10/2024,10000000,50000,Active,1010,"Plot 43, Maharashtra Tech Park",ROC-MAH,Maharashtra
L10235943739125778617,Maharashtra Innovations Pvt Ltd 95,Public,14/06/2025,5000000,200000,Active,6820,"Plot 44, Maharashtra Tech Park",ROC-MAH,Maharashtra
L82951144616457936591,Maharashtra Innovations Pvt Ltd 96,Private,29/03/2025,500000,500000,Active,1010,"Plot 45, Maharashtra Tech Park",ROC-MAH,Maharashtra
L35729033082457525035,Maharashtra Innovations Pvt Ltd 97,Public,20/05/2024,1000000,50000,Active,6820,"Plot 46, Maharashtra Tech Park",ROC-MAH,Maharashtra
L86010886924368178998,Maharashtra Innovations Pvt Ltd 98,One Person Company,23/06/2025,100000,50000,Active,6202,"Plot 47, Maharashtra Tech Park",ROC-MAH,Maharashtra
L19244566018915021249,Maharashtra Innovations Pvt Ltd 99,One Person Company,20/02/2025,100000,100000,Strike Off,6820,"Plot 48, Maharashtra Tech Park",ROC-MAH,Maharashtra
L93651976670073474935,Maharashtra Innovations Pvt Ltd 100,One Person Company,12/09/2024,5000000,50000,Active,6202,"Plot 49, Maharashtra Tech Park",ROC-MAH,Maharashtra
L96342332944633853151,Maharashtra Innovations Pvt Ltd 101,One Person Company,03/07/2024,5000000,100000,Active,1010,"Plot 0, Maharashtra Tech Park",ROC-MAH,Maharashtra
L15353338622553838311,Maharashtra Innovations Pvt Ltd 102,Public,21/12/2024,1000000,50000,Active,6202,"Plot 1, Maharashtra Tech Park",ROC-MAH,Maharashtra
L19896329284241391170,Maharashtra Innovations Pvt Ltd 103,Private,10/11/2024,10000000,200000,Active,6820,"Plot 2, Maharashtra Tech Park",ROC-MAH,Maharashtra
L36910004961973297122,Maharashtra Innovations Pvt Ltd 104,Private,31/12/2023,100000,100000,Active,6202,"Plot 3, Maharashtra Tech Park",ROC-MAH,Maharashtra
L15358997078594558318,Maharashtra Innovations Pvt Ltd 105,Private,08/03/2024,500000,50000,Dissolved,6202,"Plot 4, Maharashtra Tech Park",ROC-MAH,Maharashtra
L98981361023751814367,Maharashtra Innovations Pvt Ltd 106,Public,13/12/2023,10000000,100000,Active,8299,"Plot 5, Maharashtra Tech Park",ROC-MAH,Maharashtra
U99516209289553746844,Gujarat Innovations Pvt Ltd 1,Public,30/01/2024,500000,200000,Active,1010,"Plot 0, Gujarat Tech Park",ROC-GUJ,Gujarat
U77154244422361933097,Gujarat Innovations Pvt Ltd 2,Private,28/03/2024,100000,100000,Active,8299,"Plot 1, Gujarat Tech Park",ROC-GUJ,Gujarat
U92963486359698392708,Gujarat Innovations Pvt Ltd 3,Private,09/01/2024,500000,50000,Active,8299,"Plot 2, Gujarat Tech Park",ROC-GUJ,Gujarat
U26512994931374492751,Gujarat Innovations Pvt Ltd 4,Private,10/04/2025,10000000,200000,Active,6202,"Plot 3, Gujarat Tech Park",ROC-GUJ,Gujarat
U54055222269199129626,Gujarat Innovations Pvt Ltd 5,One Person Company,17/06/2024,500000,500000,Active,6820,"Plot 4, Gujarat Tech Park",ROC-GUJ,Gujarat
U87784424743765449137,Gujarat Innovations Pvt Ltd 6,Private,13/03/2025,100000,100000,Active,1010,"Plot 5, Gujarat Tech Park",ROC-GUJ,Gujarat
U69405761438905284588,Gujarat Innovations Pvt Ltd 7,Public,22/08/2024,100000,100000,Active,8299,"Plot 6, Gujarat Tech Park",ROC-GUJ,Gujarat
U43158065203812119726,Gujarat Innovations Pvt Ltd 8,One Person Company,04/01/2024,500000,50000,Active,1010,"Plot 7, Gujarat Tech Park",ROC-GUJ,Gujarat
U05826572232835774459,Gujarat Innovations Pvt Ltd 9,One Person Company,18/12/2023,10000000,100000,Active,6202,"Plot 8, Gujarat Tech Park",ROC-GUJ,Gujarat
U35644165032269378243,Gujarat Innovations Pvt Ltd 10,One Person Company,14/04/2025,500000,200000,Active,6202,"Plot 9, Gujarat Tech Park",ROC-GUJ,Gujarat
U37240547877233488907,Gujarat Innovations Pvt Ltd 11,One Person Company,29/10/2023,100000,100000,Active,6202,"Plot 10, Gujarat Tech Park",ROC-GUJ,Gujarat
U70268778927076705644,Gujarat Innovations Pvt Ltd 12,One Person Company,22/09/2024,1000000,200000,Active,8299,"Plot 11, Gujarat Tech Park",ROC-GUJ,Gujarat
U60137950946587346748,Gujarat Innovations Pvt Ltd 13,Private,19/08/2024,5000000,500000,Active,8299,"Plot 12, Gujarat Tech Park",ROC-GUJ,Gujarat
U40313740608225955045,Gujarat Innovations Pvt Ltd 14,Public,05/01/2024,100000,50000,Amalgamated,6820,"Plot 13, Gujarat Tech Park",ROC-GUJ,Gujarat
U76964841234264456997,Gujarat Innovations Pvt Ltd 15,Private,16/06/2024,5000000,50000,Active,6820,"Plot 14, Gujarat Tech Park",ROC-GUJ,Gujarat
U86420848934310734577,Gujarat Innovations Pvt Ltd 16,One Person Company,16/09/2024,5000000,200000,Active,6202,"Plot 15, Gujarat Tech Park",ROC-GUJ,Gujarat
U04993684384873649344,Gujarat Innovations Pvt Ltd 17,Private,02/06/2024,100000,100000,Active,8299,"Plot 16, Gujarat Tech Park",ROC-GUJ,Gujarat
U31214541483912283006,Gujarat Innovations Pvt Ltd 18,One Person Company,30/11/2023,100000,50000,Strike Off,1010,"Plot 17, Gujarat Tech Park",ROC-GUJ,Gujarat
U22253740805029496978,Gujarat Innovations Pvt Ltd 19,Private,21/11/2024,1000000,50000,Active,8299,"Plot 18, Gujarat Tech Park",ROC-GUJ,Gujarat
U38644019275940822131,Gujarat Innovations Pvt Ltd 20,One Person Company,15/01/2025,100000,100000,Active,6202,"Plot 19, Gujarat Tech Park",ROC-GUJ,Gujarat
U59505222997438801746,Gujarat Innovations Pvt Ltd 21,One Person Company,03/09/2025,500000,500000,Active,1010,"Plot 20, Gujarat Tech Park",ROC-GUJ,Gujarat
U29118336991225243279,Gujarat Innovations Pvt Ltd 22,One Person Company,21/03/2025,10000000,200000,Active,6820,"Plot 21, Gujarat Tech Park",ROC-GUJ,Gujarat
U29936126692024630512,Gujarat Innovations Pvt Ltd 23,Private,21/12/2024,10000000,200000,Active,6202,"Plot 22, Gujarat Tech Park",ROC-GUJ,Gujarat
U97019509267320895580,Gujarat Innovations Pvt Ltd 24,One Person Company,23/07/2025,10000000,50000,Active,6820,"Plot 23, Gujarat Tech Park",ROC-GUJ,Gujarat
U74119429276048307410,Gujarat Innovations Pvt Ltd 25,Private,23/12/2023,5000000,500000,Strike Off,6820,"Plot 24, Gujarat Tech Park",ROC-GUJ,Gujarat
U79797378618742612833,Gujarat Innovations Pvt Ltd 26,One Person Company,21/05/2024,1000000,50000,Active,6820,"Plot 25, Gujarat Tech Park",ROC-GUJ,Gujarat
U45059235785648395404,Gujarat Innovations Pvt Ltd 27,Private,25/06/2024,100000,50000,Active,6820,"Plot 26, Gujarat Tech Park",ROC-GUJ,Gujarat
U65565494879339427649,Gujarat Innovations Pvt Ltd 28,Public,29/01/2025,10000000,200000,Active,8299,"Plot 27, Gujarat Tech Park",ROC-GUJ,Gujarat
U05933713109275615773,Gujarat Innovations Pvt Ltd 29,Public,23/03/2025,10000000,50000,Active,8299,"Plot 28, Gujarat Tech Park",ROC-GUJ,Gujarat
U66003436267557765595,Gujarat Innovations Pvt Ltd 30,One Person Company,04/05/2025,10000000,500000,Active,6820,"Plot 29, Gujarat Tech Park",ROC-GUJ,Gujarat
U16647408313813142918,Gujarat Innovations Pvt Ltd 31,Public,04/10/2025,500000,50000,Active,1010,"Plot 30, Gujarat Tech Park",ROC-GUJ,Gujarat
U60877642869975472612,Gujarat Innovations Pvt Ltd 32,Private,17/06/2024,5000000,200000,Active,6202,"Plot 31, Gujarat Tech Park",ROC-GUJ,Gujarat
U99098009755837317638,Gujarat Innovations Pvt Ltd 33,One Person Company,08/03/2024,100000,100000,Active,1010,"Plot 32, Gujarat Tech Park",ROC-GUJ,Gujarat
U81331278591167759708,Gujarat Innovations Pvt Ltd 34,One Person Company,24/02/2024,5000000,50000,Amalgamated,1010,"Plot 33, Gujarat Tech Park",ROC-GUJ,Gujarat
U48850965863615513777,Gujarat Innovations Pvt Ltd 35,Private,21/06/2024,500000,500000,Active,6820,"Plot 34, Gujarat Tech Park",ROC-GUJ,Gujarat
U56762549306716543195,Gujarat Innovations Pvt Ltd 36,Public,08/05/2024,500000,100000,Active,6820,"Plot 35, Gujarat Tech Park",ROC-GUJ,Gujarat
U89488048655603053083,Gujarat Innovations Pvt Ltd 37,Private,30/03/2025,10000000,200000,Active,8299,"Plot 36, Gujarat Tech Park",ROC-GUJ,Gujarat
U87921402023644073941,Gujarat Innovations Pvt Ltd 38,One Person Company,19/04/2024,10000000,50000,Active,1010,"Plot 37, Gujarat Tech Park",ROC-GUJ,Gujarat
U50083846057082005502,Gujarat Innovations Pvt Ltd 39,One Person Company,10/08/2025,1000000,200000,Active,6820,"Plot 38, Gujarat Tech Park",ROC-GUJ,Gujarat
U32981375661399528391,Gujarat Innovations Pvt Ltd 40,Public,26/01/2025,100000,100000,Active,1010,"Plot 39, Gujarat Tech Park",ROC-GUJ,Gujarat
U45118259439179615760,Gujarat Innovations Pvt Ltd 41,Private,13/11/2023,1000000,200000,Active,6820,"Plot 40, Gujarat Tech Park",ROC-GUJ,Gujarat
U76515810452761608651,Gujarat Innovations Pvt Ltd 42,Private,21/06/2025,500000,50000,Active,1010,"Plot 41, Gujarat Tech Park",ROC-GUJ,Gujarat
U42471459774838653175,Gujarat Innovations Pvt Ltd 43,One Person Company,21/05/2024,1000000,200000,Active,6202,"Plot 42, Gujarat Tech Park",ROC-GUJ,Gujarat
U70054861620727610605,Gujarat Innovations Pvt Ltd 44,Public,29/03/2024,500000,500000,Amalgamated,6820,"Plot 43, Gujarat Tech Park",ROC-GUJ,Gujarat
U30034639096117999491,Gujarat Innovations Pvt Ltd 45,Public,02/03/2025,1000000,500000,Active,6820,"Plot 44, Gujarat Tech Park",ROC-GUJ,Gujarat
U11609193039480418512,Gujarat Innovations Pvt Ltd 46,Private,05/09/2025,100000,100000,Active,6820,"Plot 45, Gujarat Tech Park",ROC-GUJ,Gujarat
U07043647043249272088,Gujarat Innovations Pvt Ltd 47,Private,03/12/2024,100000,100000,Active,6202,"Plot 46, Gujarat Tech Park",ROC-GUJ,Gujarat
U72480833398573209637,Gujarat Innovations Pvt Ltd 48,Public,12/10/2024,1000000,50000,Active,1010,"Plot 47, Gujarat Tech Park",ROC-GUJ,Gujarat
U25225498022572257592,Gujarat Innovations Pvt Ltd 49,Public,28/12/2023,10000000,500000,Active,8299,"Plot 48, Gujarat Tech Park",ROC-GUJ,Gujarat
U58892236297753415254,Gujarat Innovations Pvt Ltd 50,Private,09/05/2024,5000000,50000,Active,6202,"Plot 49, Gujarat Tech Park",ROC-GUJ,Gujarat
U87629352875362970244,Gujarat Innovations Pvt Ltd 51,Private,21/09/2024,500000,100000,Active,8299,"Plot 0, Gujarat Tech Park",ROC-GUJ,Gujarat
U64783370353548983379,Gujarat Innovations Pvt Ltd 52,Public,04/02/2025,500000,50000,Active,1010,"Plot 1, Gujarat Tech Park",ROC-GUJ,Gujarat
U10458455230304774915,Gujarat Innovations Pvt Ltd 53,Private,27/12/2024,1000000,500000,Active,8299,"Plot 2, Gujarat Tech Park",ROC-GUJ,Gujarat
U08937470731514125052,Gujarat Innovations Pvt Ltd 54,Private,16/01/2024,100000,100000,Active,6820,"Plot 3, Gujarat Tech Park",ROC-GUJ,Gujarat
U84445153788729308452,Gujarat Innovations Pvt Ltd 55,One Person Company,02/02/2025,500000,500000,Active,6820,"Plot 4, Gujarat Tech Park",ROC-GUJ,Gujarat
U94985790962854772114,Gujarat Innovations Pvt Ltd 56,Public,05/07/2025,5000000,500000,Active,6820,"Plot 5, Gujarat Tech Park",ROC-GUJ,Gujarat
U79213028660696367291,Gujarat Innovations Pvt Ltd 57,One Person Company,26/02/2024,10000000,100000,Active,1010,"Plot 6, Gujarat Tech Park",ROC-GUJ,Gujarat
U87568503762922090504,Gujarat Innovations Pvt Ltd 58,Private,27/09/2025,5000000,50000,Active,6202,"Plot 7, Gujarat Tech Park",ROC-GUJ,Gujarat
U00962155647610844931,Gujarat Innovations Pvt Ltd 59,Private,20/11/2023,5000000,200000,Active,6820,"Plot 8, Gujarat Tech Park",ROC-GUJ,Gujarat
U50543555163891438377,Gujarat Innovations Pvt Ltd 60,Private,18/08/2025,1000000,500000,Active,8299,"Plot 9, Gujarat Tech Park",ROC-GUJ,Gujarat
U98400199430339308234,Gujarat Innovations Pvt Ltd 61,Public,01/06/2024,10000000,500000,Active,8299,"Plot 10, Gujarat Tech Park",ROC-GUJ,Gujarat
U54620819279825606347,Gujarat Innovations Pvt Ltd 62,Private,20/12/2024,5000000,500000,Active,6820,"Plot 11, Gujarat Tech Park",ROC-GUJ,Gujarat
U54065165474150456105,Gujarat Innovations Pvt Ltd 63,Private,30/08/2025,5000000,200000,Active,6820,"Plot 12, Gujarat Tech Park",ROC-GUJ,Gujarat
U10039105396549148816,Gujarat Innovations Pvt Ltd 64,One Person Company,03/08/2025,5000000,50000,Amalgamated,1010,"Plot 13, Gujarat Tech Park",ROC-GUJ,Gujarat
U02886223661466599720,Gujarat Innovations Pvt Ltd 65,Public,12/08/2025,500000,100000,Strike Off,6202,"Plot 14, Gujarat Tech Park",ROC-GUJ,Gujarat
U40939414937049099370,Gujarat Innovations Pvt Ltd 66,One Person Company,13/08/2025,500000,50000,Active,6820,"Plot 15, Gujarat Tech Park",ROC-GUJ,Gujarat
U55910929452841957535,Gujarat Innovations Pvt Ltd 67,Public,14/10/2024,10000000,100000,Active,6202,"Plot 16, Gujarat Tech Park",ROC-GUJ,Gujarat
U10569497836751684132,Gujarat Innovations Pvt Ltd 68,Private,07/11/2024,500000,500000,Active,1010,"Plot 17, Gujarat Tech Park",ROC-GUJ,Gujarat
U46010459876428422250,Gujarat Innovations Pvt Ltd 69,Private,29/11/2024,10000000,500000,Active,6820,"Plot 18, Gujarat Tech Park",ROC-GUJ,Gujarat
U16924259271277079165,Gujarat Innovations Pvt Ltd 70,One Person Company,10/03/2025,1000000,50000,Active,1010,"Plot 19, Gujarat Tech Park",ROC-GUJ,Gujarat
U44607947994692154893,Gujarat Innovations Pvt Ltd 71,Private,25/03/2025,100000,100000,Active,6202,"Plot 20, Gujarat Tech Park",ROC-GUJ,Gujarat
U90522529543716316038,Gujarat Innovations Pvt Ltd 72,Public,07/03/2025,5000000,50000,Strike Off,6820,"Plot 21, Gujarat Tech Park",ROC-GUJ,Gujarat
U20970221492273320706,Gujarat Innovations Pvt Ltd 73,One Person Company,28/05/2025,5000000,500000,Active,6820,"Plot 22, Gujarat Tech Park",ROC-GUJ,Gujarat
U50971580579145423638,Gujarat Innovations Pvt Ltd 74,Public,03/02/2024,10000000,50000,Active,6202,"Plot 23, Gujarat Tech Park",ROC-GUJ,Gujarat
U49778953245216482753,Gujarat Innovations Pvt Ltd 75,One Person Company,23/12/2024,100000,50000,Active,8299,"Plot 24, Gujarat Tech Park",ROC-GUJ,Gujarat
U58641312923529008848,Gujarat Innovations Pvt Ltd 76,Private,13/09/2024,100000,100000,Active,6820,"Plot 25, Gujarat Tech Park",ROC-GUJ,Gujarat
U17654362710184726176,Gujarat Innovations Pvt Ltd 77,Private,15/08/2024,5000000,200000,Active,8299,"Plot 26, Gujarat Tech Park",ROC-GUJ,Gujarat
U89381383470088318350,Gujarat Innovations Pvt Ltd 78,Private,30/03/2025,10000000,200000,Strike Off,6820,"Plot 27, Gujarat Tech Park",ROC-GUJ,Gujarat
U73183892669318371794,Gujarat Innovations Pvt Ltd 79,Public,03/03/2025,5000000,50000,Active,6820,"Plot 28, Gujarat Tech Park",ROC-GUJ,Gujarat
U94523219801760495430,Gujarat Innovations Pvt Ltd 80,One Person Company,30/07/2025,100000,100000,Active,8299,"Plot 29, Gujarat Tech Park",ROC-GUJ,Gujarat
U93940408628168594654,Gujarat Innovations Pvt Ltd 81,Private,30/05/2024,10000000,200000,Active,6202,"Plot 30, Gujarat Tech Park",ROC-GUJ,Gujarat
U08539684476791825516,Gujarat Innovations Pvt Ltd 82,Public,12/05/2025,500000,200000,Active,1010,"Plot 31, Gujarat Tech Park",ROC-GUJ,Gujarat
U07155472936671139898,Gujarat Innovations Pvt Ltd 83,Public,14/12/2024,5000000,50000,Active,6820,"Plot 32, Gujarat Tech Park",ROC-GUJ,Gujarat
U49852985337605728915,Gujarat Innovations Pvt Ltd 84,Public,17/12/2024,5000000,200000,Strike Off,6820,"Plot 33, Gujarat Tech Park",ROC-GUJ,Gujarat
U40708921083006166986,Gujarat Innovations Pvt Ltd 85,Private,16/11/2024,100000,100000,Active,1010,"Plot 34, Gujarat Tech Park",ROC-GUJ,Gujarat
U74351118929397399648,Gujarat Innovations Pvt Ltd 86,One Person Company,10/01/2024,10000000,100000,Active,1010,"Plot 35, Gujarat Tech Park",ROC-GUJ,Gujarat
U91754161419168463121,Gujarat Innovations Pvt Ltd 87,One Person Company,03/11/2024,1000000,500000,Active,8299,"Plot 36, Gujarat Tech Park",ROC-GUJ,Gujarat
U56025268209500781847,Gujarat Innovations Pvt Ltd 88,Public,21/01/2024,5000000,100000,Active,1010,"Plot 37, Gujarat Tech Park",ROC-GUJ,Gujarat
U28502385307175754499,Gujarat Innovations Pvt Ltd 89,Public,24/05/2024,5000000,500000,Active,6820,"Plot 38, Gujarat Tech Park",ROC-GUJ,Gujarat
U86580109240375002977,Gujarat Innovations Pvt Ltd 90,Private,01/08/2025,5000000,200000,Active,8299,"Plot 39, Gujarat Tech Park",ROC-GUJ,Gujarat
U32464373195120481641,Gujarat Innovations Pvt Ltd 91,Public,06/07/2024,10000000,50000,Active,8299,"Plot 40, Gujarat Tech Park",ROC-GUJ,Gujarat
U31262495535266316201,Gujarat Innovations Pvt Ltd 92,One Person Company,14/07/2025,100000,100000,Active,6820,"Plot 41, Gujarat Tech Park",ROC-GUJ,Gujarat
U55013207638309000301,Gujarat Innovations Pvt Ltd 93,One Person Company,08/12/2024,500000,500000,Amalgamated,1010,"Plot 42, Gujarat Tech Park",ROC-GUJ,Gujarat
U53536822100268160154,Gujarat Innovations Pvt Ltd 94,One Person Company,19/10/2024,1000000,100000,Active,1010,"Plot 43, Gujarat Tech Park",ROC-GUJ,Gujarat
U71758617863833873776,Gujarat Innovations Pvt Ltd 95,Private,06/03/2024,10000000,500000,Active,1010,"Plot 44, Gujarat Tech Park",ROC-GUJ,Gujarat
U17833416453774520882,Gujarat Innovations Pvt Ltd 96,Public,03/10/2024,500000,500000,Active,6820,"Plot 45, Gujarat Tech Park",ROC-GUJ,Gujarat
U70301758128852416975,Gujarat Innovations Pvt Ltd 97,Public,18/10/2024,1000000,500000,Active,6820,"Plot 46, Gujarat Tech Park",ROC-GUJ,Gujarat
U06576322388140317343,Gujarat Innovations Pvt Ltd 98,One Person Company,29/01/2024,10000000,200000,Active,6820,"Plot 47, Gujarat Tech Park",ROC-GUJ,Gujarat
U12273294387674360576,Gujarat Innovations Pvt Ltd 99,Private,14/06/2025,10000000,100000,Active,6820,"Plot 48, Gujarat Tech Park",ROC-GUJ,Gujarat
U43016924775418010334,Gujarat Innovations Pvt Ltd 100,One Person Company,30/07/2024,1000000,200000,Active,6820,"Plot 49, Gujarat Tech Park",ROC-GUJ,Gujarat
U21708693258839481140,Gujarat Innovations Pvt Ltd 101,Private,26/09/2024,5000000,100000,Strike Off,6202,"Plot 0, Gujarat Tech Park",ROC-GUJ,Gujarat
U67560360053248999249,Gujarat Innovations Pvt Ltd 102,One Person Company,28/01/2024,1000000,500000,Active,6202,"Plot 1, Gujarat Tech Park",ROC-GUJ,Gujarat
U09405996093808745635,Gujarat Innovations Pvt Ltd 103,Public,24/07/2024,1000000,50000,Active,6820,"Plot 2, Gujarat Tech Park",ROC-GUJ,Gujarat
U42630556725918129180,Gujarat Innovations Pvt Ltd 104,One Person Company,01/07/2025,100000,50000,Amalgamated,8299,"Plot 3, Gujarat Tech Park",ROC-GUJ,Gujarat
U40654005969908341971,Gujarat Innovations Pvt Ltd 105,Public,03/10/2025,5000000,200000,Active,1010,"Plot 4, Gujarat Tech Park",ROC-GUJ,Gujarat
U53659889301797130637,Gujarat Innovations Pvt Ltd 106,Public,21/08/2024,100000,100000,Active,1010,"Plot 5, Gujarat Tech Park",ROC-GUJ,Gujarat
U36726270059835405822,Gujarat Innovations Pvt Ltd 107,One Person Company,16/09/2024,10000000,500000,Active,6202,"Plot 6, Gujarat Tech Park",ROC-GUJ,Gujarat
U10295842444646841473,Gujarat Innovations Pvt Ltd 108,Private,15/04/2024,1000000,50000,Active,1010,"Plot 7, Gujarat Tech Park",ROC-GUJ,Gujarat
U87201165178630337331,Gujarat Innovations Pvt Ltd 109,One Person Company,23/10/2024,5000000,200000,Active,6202,"Plot 8, Gujarat Tech Park",ROC-GUJ,Gujarat
L83796273140772038806,Delhi Innovations Pvt Ltd 1,Public,22/01/2025,500000,100000,Active,6820,"Plot 0, Delhi Tech Park",ROC-DEL,Delhi
L33972210788740856745,Delhi Innovations Pvt Ltd 2,Public,16/10/2024,10000000,200000,Active,6820,"Plot 1, Delhi Tech Park",ROC-DEL,Delhi
L07491259574469485674,Delhi Innovations Pvt Ltd 3,One Person Company,28/04/2025,1000000,500000,Active,6820,"Plot 2, Delhi Tech Park",ROC-DEL,Delhi
L98023659903521193091,Delhi Innovations Pvt Ltd 4,Private,26/12/2024,500000,200000,Active,6202,"Plot 3, Delhi Tech Park",ROC-DEL,Delhi
L69990796653716226247,Delhi Innovations Pvt Ltd 5,Public,07/04/2024,5000000,200000,Active,6820,"Plot 4, Delhi Tech Park",ROC-DEL,Delhi
L79985400830925791701,Delhi Innovations Pvt Ltd 6,Public,05/03/2025,10000000,200000,Active,1010,"Plot 5, Delhi Tech Park",ROC-DEL,Delhi
L84738961214148186647,Delhi Innovations Pvt Ltd 7,Public,23/04/2025,500000,100000,Active,6202,"Plot 6, Delhi Tech Park",ROC-DEL,Delhi
L84993746277287073598,Delhi Innovations Pvt Ltd 8,Private,13/06/2025,10000000,200000,Active,1010,"Plot 7, Delhi Tech Park",ROC-DEL,Delhi
L53542621364896881033,Delhi Innovations Pvt Ltd 9,Private,08/02/2024,1000000,200000,Amalgamated,1010,"Plot 8, Delhi Tech Park",ROC-DEL,Delhi
L77210590488366348669,Delhi Innovations Pvt Ltd 10,One Person Company,08/06/2024,100000,50000,Active,6202,"Plot 9, Delhi Tech Park",ROC-DEL,Delhi
L17096457352617671238,Delhi Innovations Pvt Ltd 11,Public,11/11/2024,10000000,100000,Active,1010,"Plot 10, Delhi Tech Park",ROC-DEL,Delhi
L97795784001146633921,Delhi Innovations Pvt Ltd 12,One Person Company,14/10/2024,100000,100000,Active,8299,"Plot 11, Delhi Tech Park",ROC-DEL,Delhi
L41054282148752540468,Delhi Innovations Pvt Ltd 13,Public,29/11/2023,100000,100000,Active,8299,"Plot 12, Delhi Tech Park",ROC-DEL,Delhi
L49121062667049860723,Delhi Innovations Pvt Ltd 14,Private,19/06/2025,500000,100000,Active,8299,"Plot 13, Delhi Tech Park",ROC-DEL,Delhi
L88433879962387029117,Delhi Innovations Pvt Ltd 15,Public,13/02/2024,5000000,500000,Active,1010,"Plot 14, Delhi Tech Park",ROC-DEL,Delhi
L06711035433966161304,Delhi Innovations Pvt Ltd 16,Private,18/10/2024,5000000,50000,Active,1010,"Plot 15, Delhi Tech Park",ROC-DEL,Delhi
L75746763495589152153,Delhi Innovations Pvt Ltd 17,One Person Company,10/12/2024,1000000,500000,Active,8299,"Plot 16, Delhi Tech Park",ROC-DEL,Delhi
L05300449638364457425,Delhi Innovations Pvt Ltd 18,One Person Company,12/11/2024,500000,500000,Active,8299,"Plot 17, Delhi Tech Park",ROC-DEL,Delhi
L78445624094306079194,Delhi Innovations Pvt Ltd 19,One Person Company,23/07/2025,100000,100000,Active,6202,"Plot 18, Delhi Tech Park",ROC-DEL,Delhi
L45308476708027005452,Delhi Innovations Pvt Ltd 20,One Person Company,12/01/2025,500000,100000,Active,6202,"Plot 19, Delhi Tech Park",ROC-DEL,Delhi
L33622580400223253707,Delhi Innovations Pvt Ltd 21,Private,06/09/2025,1000000,50000,Active,6820,"Plot 20, Delhi Tech Park",ROC-DEL,Delhi
L70111537093948423960,Delhi Innovations Pvt Ltd 22,Private,26/02/2025,100000,100000,Active,6820,"Plot 21, Delhi Tech Park",ROC-DEL,Delhi
L21620925248610636563,Delhi Innovations Pvt Ltd 23,One Person Company,26/01/2025,10000000,200000,Active,6202,"Plot 22, Delhi Tech Park",ROC-DEL,Delhi
L13261090526744179098,Delhi Innovations Pvt Ltd 24,One Person Company,12/12/2024,100000,100000,Active,8299,"Plot 23, Delhi Tech Park",ROC-DEL,Delhi
L69631718488773313352,Delhi Innovations Pvt Ltd 25,One Person Company,26/01/2024,500000,500000,Active,6820,"Plot 24, Delhi Tech Park",ROC-DEL,Delhi
L94746568296921630555,Delhi Innovations Pvt Ltd 26,Public,27/02/2024,1000000,500000,Active,6202,"Plot 25, Delhi Tech Park",ROC-DEL,Delhi
L54994849539031926607,Delhi Innovations Pvt Ltd 27,Public,20/09/2024,100000,100000,Active,6202,"Plot 26, Delhi Tech Park",ROC-DEL,Delhi
L29654911087704519458,Delhi Innovations Pvt Ltd 28,One Person Company,14/07/2024,100000,50000,Active,6202,"Plot 27, Delhi Tech Park",ROC-DEL,Delhi
L80006457112223218528,Delhi Innovations Pvt Ltd 29,One Person Company,16/01/2024,5000000,500000,Dissolved,6820,"Plot 28, Delhi Tech Park",ROC-DEL,Delhi
L69694637826980161602,Delhi Innovations Pvt Ltd 30,Public,28/06/2025,5000000,100000,Amalgamated,6820,"Plot 29, Delhi Tech Park",ROC-DEL,Delhi
L88273657531638864228,Delhi Innovations Pvt Ltd 31,One Person Company,18/02/2025,10000000,200000,Active,8299,"Plot 30, Delhi Tech Park",ROC-DEL,Delhi
L94793993886973752626,Delhi Innovations Pvt Ltd 32,Public,21/06/2024,1000000,500000,Strike Off,8299,"Plot 31, Delhi Tech Park",ROC-DEL,Delhi
L98544215064389032546,Delhi Innovations Pvt Ltd 33,Public,28/10/2024,10000000,50000,Active,6202,"Plot 32, Delhi Tech Park",ROC-DEL,Delhi
L18923433498852593255,Delhi Innovations Pvt Ltd 34,One Person Company,03/03/2025,100000,100000,Active,6202,"Plot 33, Delhi Tech Park",ROC-DEL,Delhi
L68949109046887045530,Delhi Innovations Pvt Ltd 35,Public,26/11/2024,5000000,500000,Active,1010,"Plot 34, Delhi Tech Park",ROC-DEL,Delhi
L83880483431911029030,Delhi Innovations Pvt Ltd 36,One Person Company,31/08/2024,100000,50000,Active,6202,"Plot 35, Delhi Tech Park",ROC-DEL,Delhi
L60390321056588118040,Delhi Innovations Pvt Ltd 37,One Person Company,01/07/2024,500000,100000,Strike Off,1010,"Plot 36, Delhi Tech Park",ROC-DEL,Delhi
L76795263947667922109,Delhi Innovations Pvt Ltd 38,Public,25/11/2024,10000000,100000,Active,8299,"Plot 37, Delhi Tech Park",ROC-DEL,Delhi
L50669867380720154287,Delhi Innovations Pvt Ltd 39,Public,22/06/2025,500000,500000,Active,8299,"Plot 38, Delhi Tech Park",ROC-DEL,Delhi
L80924123380885057440,Delhi Innovations Pvt Ltd 40,Public,25/04/2025,10000000,50000,Active,8299,"Plot 39, Delhi Tech Park",ROC-DEL,Delhi
L39825620196609695566,Delhi Innovations Pvt Ltd 41,Public,09/10/2025,10000000,200000,Active,6202,"Plot 40, Delhi Tech Park",ROC-DEL,Delhi
L72263589115201631733,Delhi Innovations Pvt Ltd 42,Public,18/11/2024,100000,50000,Strike Off,6820,"Plot 41, Delhi Tech Park",ROC-DEL,Delhi
L84870278353815293179,Delhi Innovations Pvt Ltd 43,Public,20/08/2024,500000,100000,Active,1010,"Plot 42, Delhi Tech Park",ROC-DEL,Delhi
L18789337076689610064,Delhi Innovations Pvt Ltd 44,One Person Company,04/08/2025,500000,100000,Active,6202,"Plot 43, Delhi Tech Park",ROC-DEL,Delhi
L50123581781868517987,Delhi Innovations Pvt Ltd 45,Private,25/06/2024,1000000,200000,Active,1010,"Plot 44, Delhi Tech Park",ROC-DEL,Delhi
L83674085229071068577,Delhi Innovations Pvt Ltd 46,One Person Company,26/06/2025,100000,100000,Active,1010,"Plot 45, Delhi Tech Park",ROC-DEL,Delhi
L57983188724120341255,Delhi Innovations Pvt Ltd 47,Private,02/11/2023,5000000,500000,Active,1010,"Plot 46, Delhi Tech Park",ROC-DEL,Delhi
L15346575973620885179,Delhi Innovations Pvt Ltd 48,One Person Company,26/08/2024,10000000,50000,Active,6820,"Plot 47, Delhi Tech Park",ROC-DEL,Delhi
L90036645146859328656,Delhi Innovations Pvt Ltd 49,Private,08/05/2025,10000000,200000,Active,6820,"Plot 48, Delhi Tech Park",ROC-DEL,Delhi
L70728198504985630417,Delhi Innovations Pvt Ltd 50,One Person Company,26/09/2024,500000,200000,Active,8299,"Plot 49, Delhi Tech Park",ROC-DEL,Delhi
L28812801192929177718,Delhi Innovations Pvt Ltd 51,Private,06/06/2024,5000000,50000,Active,6820,"Plot 0, Delhi Tech Park",ROC-DEL,Delhi
L58510246992893912424,Delhi Innovations Pvt Ltd 52,Private,03/11/2024,10000000,200000,Active,6202,"Plot 1, Delhi Tech Park",ROC-DEL,Delhi
L57385424435290663810,Delhi Innovations Pvt Ltd 53,One Person Company,31/03/2024,100000,100000,Strike Off,6202,"Plot 2, Delhi Tech Park",ROC-DEL,Delhi
L82040761846307025771,Delhi Innovations Pvt Ltd 54,Public,29/07/2025,5000000,500000,Active,6820,"Plot 3, Delhi Tech Park",ROC-DEL,Delhi
L10969238508847678194,Delhi Innovations Pvt Ltd 55,One Person Company,10/01/2024,1000000,200000,Active,6820,"Plot 4, Delhi Tech Park",ROC-DEL,Delhi
L56277872580217597156,Delhi Innovations Pvt Ltd 56,Public,24/01/2024,10000000,200000,Active,6820,"Plot 5, Delhi Tech Park",ROC-DEL,Delhi
L09512705252743843777,Delhi Innovations Pvt Ltd 57,Public,13/12/2023,100000,100000,Active,8299,"Plot 6, Delhi Tech Park",ROC-DEL,Delhi
L92888630273991769814,Delhi Innovations Pvt Ltd 58,Public,31/10/2024,500000,500000,Active,6820,"Plot 7, Delhi Tech Park",ROC-DEL,Delhi
L93748329708387228238,Delhi Innovations Pvt Ltd 59,One Person Company,11/12/2024,1000000,200000,Active,6202,"Plot 8, Delhi Tech Park",ROC-DEL,Delhi
L09703556443569908768,Delhi Innovations Pvt Ltd 60,Public,09/05/2024,5000000,500000,Active,6820,"Plot 9, Delhi Tech Park",ROC-DEL,Delhi
L11968867920671839827,Delhi Innovations Pvt Ltd 61,Private,30/12/2023,1000000,50000,Active,1010,"Plot 10, Delhi Tech Park",ROC-DEL,Delhi
L98551685741300515092,Delhi Innovations Pvt Ltd 62,Public,30/07/2024,100000,100000,Active,8299,"Plot 11, Delhi Tech Park",ROC-DEL,Delhi
L56435734653393047642,Delhi Innovations Pvt Ltd 63,One Person Company,13/07/2024,1000000,50000,Active,1010,"Plot 12, Delhi Tech Park",ROC-DEL,Delhi
L23476829009011687312,Delhi Innovations Pvt Ltd 64,Public,26/07/2025,100000,100000,Active,1010,"Plot 13, Delhi Tech Park",ROC-DEL,Delhi
L89297033516495559793,Delhi Innovations Pvt Ltd 65,Private,11/09/2024,100000,50000,Active,1010,"Plot 14, Delhi Tech Park",ROC-DEL,Delhi
L60301046274447117899,Delhi Innovations Pvt Ltd 66,Private,15/12/2023,500000,500000,Active,6202,"Plot 15, Delhi Tech Park",ROC-DEL,Delhi
L01600136343385256673,Delhi Innovations Pvt Ltd 67,Public,21/03/2024,10000000,50000,Active,6820,"Plot 16, Delhi Tech Park",ROC-DEL,Delhi
L48926839920801843881,Delhi Innovations Pvt Ltd 68,Private,21/06/2024,1000000,500000,Strike Off,1010,"Plot 17, Delhi Tech Park",ROC-DEL,Delhi
L95155155546408219571,Delhi Innovations Pvt Ltd 69,Public,26/09/2024,5000000,500000,Active,1010,"Plot 18, Delhi Tech Park",ROC-DEL,Delhi
L91446015139569475435,Delhi Innovations Pvt Ltd 70,Private,28/11/2023,100000,100000,Active,1010,"Plot 19, Delhi Tech Park",ROC-DEL,Delhi
L05654528419962028462,Delhi Innovations Pvt Ltd 71,One Person Company,12/08/2025,1000000,200000,Amalgamated,8299,"Plot 20, Delhi Tech Park",ROC-DEL,Delhi
L44159302896508805619,Delhi Innovations Pvt Ltd 72,Public,08/10/2024,100000,100000,Active,6202,"Plot 21, Delhi Tech Park",ROC-DEL,Delhi
L65247516730136151612,Delhi Innovations Pvt Ltd 73,Private,03/06/2025,5000000,100000,Strike Off,1010,"Plot 22, Delhi Tech Park",ROC-DEL,Delhi
L23631958107002489100,Delhi Innovations Pvt Ltd 74,Private,12/04/2024,500000,100000,Active,6202,"Plot 23, Delhi Tech Park",ROC-DEL,Delhi
L81215652211475849389,Delhi Innovations Pvt Ltd 75,One Person Company,08/07/2025,10000000,50000,Active,1010,"Plot 24, Delhi Tech Park",ROC-DEL,Delhi
L41541975928326760047,Delhi Innovations Pvt Ltd 76,One Person Company,25/02/2025,500000,200000,Active,6820,"Plot 25, Delhi Tech Park",ROC-DEL,Delhi
L62373833406880523737,Delhi Innovations Pvt Ltd 77,Public,24/12/2023,100000,50000,Strike Off,6202,"Plot 26, Delhi Tech Park",ROC-DEL,Delhi
L20799697021042975988,Delhi Innovations Pvt Ltd 78,One Person Company,18/04/2025,500000,50000,Active,6202,"Plot 27, Delhi Tech Park",ROC-DEL,Delhi
L14132456978336998159,Delhi Innovations Pvt Ltd 79,Private,24/10/2024,10000000,50000,Active,1010,"Plot 28, Delhi Tech Park",ROC-DEL,Delhi
L98563908523955834421,Delhi Innovations Pvt Ltd 80,One Person Company,14/06/2025,100000,100000,Strike Off,6202,"Plot 29, Delhi Tech Park",ROC-DEL,Delhi
L84831204006175389792,Delhi Innovations Pvt Ltd 81,Private,18/07/2024,100000,50000,Active,1010,"Plot 30, Delhi Tech Park",ROC-DEL,Delhi
L79633586447500875019,Delhi Innovations Pvt Ltd 82,Public,20/05/2025,5000000,200000,Strike Off,6202,"Plot 31, Delhi Tech Park",ROC-DEL,Delhi
L63056358393942918044,Delhi Innovations Pvt Ltd 83,One Person Company,02/09/2025,5000000,200000,Active,1010,"Plot 32, Delhi Tech Park",ROC-DEL,Delhi
L95490410356847782286,Delhi Innovations Pvt Ltd 84,One Person Company,27/02/2024,5000000,200000,Active,1010,"Plot 33, Delhi Tech Park",ROC-DEL,Delhi
L24274995178255197477,Delhi Innovations Pvt Ltd 85,Private,07/12/2023,1000000,50000,Strike Off,6820,"Plot 34, Delhi Tech Park",ROC-DEL,Delhi
L45091385719403908162,Delhi Innovations Pvt Ltd 86,One Person Company,12/04/2024,10000000,500000,Active,6820,"Plot 35, Delhi Tech Park",ROC-DEL,Delhi
L26596694866204749281,Delhi Innovations Pvt Ltd 87,Private,03/10/2024,5000000,500000,Active,6202,"Plot 36, Delhi Tech Park",ROC-DEL,Delhi
L33871656345818903485,Delhi Innovations Pvt Ltd 88,Private,16/01/2024,500000,500000,Active,8299,"Plot 37, Delhi Tech Park",ROC-DEL,Delhi
L77507310613390105207,Delhi Innovations Pvt Ltd 89,Public,04/02/2025,5000000,100000,Active,6820,"Plot 38, Delhi Tech Park",ROC-DEL,Delhi
L55600114015230437290,Delhi Innovations Pvt Ltd 90,One Person Company,06/03/2025,500000,50000,Active,6202,"Plot 39, Delhi Tech Park",ROC-DEL,Delhi
L48411984793133895954,Delhi Innovations Pvt Ltd 91,Public,21/11/2023,10000000,50000,Active,8299,"Plot 40, Delhi Tech Park",ROC-DEL,Delhi
L34369535372715705899,Delhi Innovations Pvt Ltd 92,Private,16/10/2025,10000000,50000,Active,6202,"Plot 41, Delhi Tech Park",ROC-DEL,Delhi
L63858031538200884187,Delhi Innovations Pvt Ltd 93,One Person Company,18/08/2025,500000,100000,Active,6202,"Plot 42, Delhi Tech Park",ROC-DEL,Delhi
L54363999847532501634,Delhi Innovations Pvt Ltd 94,Public,23/06/2025,500000,50000,Active,6202,"Plot 43, Delhi Tech Park",ROC-DEL,Delhi
L22427467472676175923,Delhi Innovations Pvt Ltd 95,One Person Company,22/09/2024,100000,100000,Active,6820,"Plot 44, Delhi Tech Park",ROC-DEL,Delhi
L92533991336476987809,Delhi Innovations Pvt Ltd 96,Public,26/12/2024,1000000,50000,Active,1010,"Plot 45, Delhi Tech Park",ROC-DEL,Delhi
L15344333101605312655,Delhi Innovations Pvt Ltd 97,One Person Company,28/02/2024,100000,100000,Strike Off,1010,"Plot 46, Delhi Tech Park",ROC-DEL,Delhi
L36552934872590296612,Delhi Innovations Pvt Ltd 98,One Person Company,11/04/2024,5000000,100000,Active,1010,"Plot 47, Delhi Tech Park",ROC-DEL,Delhi
L87539864186889464297,Delhi Innovations Pvt Ltd 99,Public,28/10/2024,1000000,100000,Active,8299,"Plot 48, Delhi Tech Park",ROC-DEL,Delhi
L29501775215095868148,Delhi Innovations Pvt Ltd 100,One Person Company,14/04/2024,1000000,500000,Active,6202,"Plot 49, Delhi Tech Park",ROC-DEL,Delhi
L94500138650434823722,Delhi Innovations Pvt Ltd 101,One Person Company,07/10/2024,10000000,100000,Active,1010,"Plot 0, Delhi Tech Park",ROC-DEL,Delhi
L55229806967570083259,Delhi Innovations Pvt Ltd 102,Public,25/11/2023,10000000,500000,Active,1010,"Plot 1, Delhi Tech Park",ROC-DEL,Delhi
L84622275887053328109,Delhi Innovations Pvt Ltd 103,Private,13/10/2025,5000000,500000,Active,6202,"Plot 2, Delhi Tech Park",ROC-DEL,Delhi
L65864598085340674179,Delhi Innovations Pvt Ltd 104,Private,03/03/2025,100000,100000,Active,6820,"Plot 3, Delhi Tech Park",ROC-DEL,Delhi
L22919277111965010651,Delhi Innovations Pvt Ltd 105,One Person Company,26/08/2024,500000,500000,Active,6202,"Plot 4, Delhi Tech Park",ROC-DEL,Delhi
L33613030119275587150,Delhi Innovations Pvt Ltd 106,Private,08/06/2025,100000,100000,Active,8299,"Plot 5, Delhi Tech Park",ROC-DEL,Delhi
U31360357784121850266,TamilNadu Innovations Pvt Ltd 1,One Person Company,03/04/2025,1000000,50000,Active,6820,"Plot 0, Tamil Nadu Tech Park",ROC-TAM,Tamil Nadu
U52567115740098390711,TamilNadu Innovations Pvt Ltd 2,Public,06/07/2025,100000,50000,Active,1010,"Plot 1, Tamil Nadu Tech Park",ROC-TAM,Tamil Nadu
U34339059966765728239,TamilNadu Innovations Pvt Ltd 3,One Person Company,03/04/2025,5000000,100000,Active,8299,"Plot 2, Tamil Nadu Tech Park",ROC-TAM,Tamil Nadu
U44868855371409105134,TamilNadu Innovations Pvt Ltd 4,Private,11/07/2024,100000,100000,Active,6820,"Plot 3, Tamil Nadu Tech Park",ROC-TAM,Tamil Nadu
U36967339442447674178,TamilNadu Innovations Pvt Ltd 5,One Person Company,06/05/2024,100000,100000,Active,6202,"Plot 4, Tamil Nadu Tech Park",ROC-TAM,Tamil Nadu
U57855042685468449346,TamilNadu Innovations Pvt Ltd 6,Public,20/11/2023,100000,100000,Active,8299,"Plot 5, Tamil Nadu Tech Park",ROC-TAM,Tamil Nadu
U46507890725974766685,TamilNadu Innovations Pvt Ltd 7,One Person Company,07/10/2024,100000,100000,Active,6202,"Plot 6, Tamil Nadu Tech Park",ROC-TAM,Tamil Nadu
U17536709339853078449,TamilNadu Innovations Pvt Ltd 8,Public,09/10/2024,10000000,500000,Active,8299,"Plot 7, Tamil Nadu Tech Park",ROC-TAM,Tamil Nadu
U78088594678892706411,TamilNadu Innovations Pvt Ltd 9,Private,29/03/2024,5000000,200000,Active,6820,"Plot 8, Tamil Nadu Tech Park",ROC-TAM,Tamil Nadu
U26131347192948948394,TamilNadu Innovations Pvt Ltd 10,One Person Company,26/12/2023,5000000,50000,Dissolved,1010,"Plot 9, Tamil Nadu Tech Park",ROC-TAM,Tamil Nadu
U56501629153452022536,TamilNadu Innovations Pvt Ltd 11,One Person Company,10/01/2024,1000000,100000,Active,8299,"Plot 10, Tamil Nadu Tech Park",ROC-TAM,Tamil Nadu
U92912001287866463403,TamilNadu Innovations Pvt Ltd 12,Private,05/08/2024,500000,500000,Active,1010,"Plot 11, Tamil Nadu Tech Park",ROC-TAM,Tamil Nadu
U09648641318111087114,TamilNadu Innovations Pvt Ltd 13,Public,26/08/2025,10000000,100000,Active,8299,"Plot 12, Tamil Nadu Tech Park",ROC-TAM,Tamil Nadu
U17733839821721774854,TamilNadu Innovations Pvt Ltd 14,One Person Company,02/08/2025,100000,100000,Active,6820,"Plot 13, Tamil Nadu Tech Park",ROC-TAM,Tamil Nadu
U21054128260687697318,TamilNadu Innovations Pvt Ltd 15,Public,10/06/2024,1000000,500000,Active,6820,"Plot 14, Tamil Nadu Tech Park",ROC-TAM,Tamil Nadu
U79748708488992766911,TamilNadu Innovations Pvt Ltd 16,Public,27/11/2024,10000000,200000,Active,6202,"Plot 15, Tamil Nadu Tech Park",ROC-TAM,Tamil Nadu
U61468786209651093354,TamilNadu Innovations Pvt Ltd 17,One Person Company,02/08/2024,100000,100000,Active,6202,"Plot 16, Tamil Nadu Tech Park",ROC-TAM,Tamil Nadu
U18531924862317524404,TamilNadu Innovations Pvt Ltd 18,One Person Company,22/02/2025,500000,200000,Strike Off,6820,"Plot 17, Tamil Nadu Tech Park",ROC-TAM,Tamil Nadu
U12942447987202082752,TamilNadu Innovations Pvt Ltd 19,Public,27/06/2025,1000000,200000,Active,1010,"Plot 18, Tamil Nadu Tech Park",ROC-TAM,Tamil Nadu
U70339430691924797185,TamilNadu Innovations Pvt Ltd 20,Public,25/08/2025,5000000,200000,Active,6202,"Plot 19, Tamil Nadu Tech Park",ROC-TAM,Tamil Nadu
U43674866739540815724,TamilNadu Innovations Pvt Ltd 21,Private,06/05/2025,5000000,100000,Active,8299,"Plot 20, Tamil Nadu Tech Park",ROC-TAM,Tamil Nadu
U69699354076499692741,TamilNadu Innovations Pvt Ltd 22,Public,24/10/2024,500000,500000,Active,1010,"Plot 21, Tamil Nadu Tech Park",ROC-TAM,Tamil Nadu
U35989888282924580739,TamilNadu Innovations Pvt Ltd 23,Private,18/12/2023,5000000,100000,Active,6820,"Plot 22, Tamil Nadu Tech Park",ROC-TAM,Tamil Nadu
U12852149402684329866,TamilNadu Innovations Pvt Ltd 24,Private,13/05/2025,500000,50000,Active,6820,"Plot 23, Tamil Nadu Tech Park",ROC-TAM,Tamil Nadu
U44021642700503508388,TamilNadu Innovations Pvt Ltd 25,Private,13/10/2024,10000000,200000,Active,6820,"Plot 24, Tamil Nadu Tech Park",ROC-TAM,Tamil Nadu
U42995386351263968404,TamilNadu Innovations Pvt Ltd 26,Private,16/11/2024,1000000,100000,Amalgamated,8299,"Plot 25, Tamil Nadu Tech Park",ROC-TAM,Tamil Nadu
U81275034202810664104,TamilNadu Innovations Pvt Ltd 27,One Person Company,29/05/2024,100000,100000,Active,1010,"Plot 26, Tamil Nadu Tech Park",ROC-TAM,Tamil Nadu
U13872712499703004505,TamilNadu Innovations Pvt Ltd 28,Private,18/07/2025,5000000,100000,Strike Off,1010,"Plot 27, Tamil Nadu Tech Park",ROC-TAM,Tamil Nadu
U15210372494487700179,TamilNadu Innovations Pvt Ltd 29,One Person Company,16/06/2025,5000000,50000,Active,6202,"Plot 28, Tamil Nadu Tech Park",ROC-TAM,Tamil Nadu
U59238894687674440547,TamilNadu Innovations Pvt Ltd 30,One Person Company,01/06/2025,1000000,100000,Active,8299,"Plot 29, Tamil Nadu Tech Park",ROC-TAM,Tamil Nadu
U95206949474401462012,TamilNadu Innovations Pvt Ltd 31,Private,24/12/2024,100000,100000,Active,6820,"Plot 30, Tamil Nadu Tech Park",ROC-TAM,Tamil Nadu
U25796860845113346093,TamilNadu Innovations Pvt Ltd 32,Private,19/08/2024,1000000,100000,Strike Off,6820,"Plot 31, Tamil Nadu Tech Park",ROC-TAM,Tamil Nadu
U66046151202643770881,TamilNadu Innovations Pvt Ltd 33,One Person Company,16/01/2025,5000000,200000,Active,6202,"Plot 32, Tamil Nadu Tech Park",ROC-TAM,Tamil Nadu
U47528795013127853169,TamilNadu Innovations Pvt Ltd 34,Public,13/03/2025,500000,50000,Active,1010,"Plot 33, Tamil Nadu Tech Park",ROC-TAM,Tamil Nadu
U51186646894802631267,TamilNadu Innovations Pvt Ltd 35,Private,19/12/2024,500000,50000,Active,8299,"Plot 34, Tamil Nadu Tech Park",ROC-TAM,Tamil Nadu
U88829997254720898213,TamilNadu Innovations Pvt Ltd 36,Private,22/08/2025,500000,200000,Active,6820,"Plot 35, Tamil Nadu Tech Park",ROC-TAM,Tamil Nadu
U45494234151303671206,TamilNadu Innovations Pvt Ltd 37,Private,22/10/2023,500000,500000,Active,1010,"Plot 36, Tamil Nadu Tech Park",ROC-TAM,Tamil Nadu
U91008021300336777808,TamilNadu Innovations Pvt Ltd 38,Private,23/03/2024,100000,100000,Active,1010,"Plot 37, Tamil Nadu Tech Park",ROC-TAM,Tamil Nadu
U80853469372105179383,TamilNadu Innovations Pvt Ltd 39,Private,20/09/2024,10000000,500000,Active,8299,"Plot 38, Tamil Nadu Tech Park",ROC-TAM,Tamil Nadu
U42188476248326747486,TamilNadu Innovations Pvt Ltd 40,Private,05/12/2024,100000,50000,Dissolved,8299,"Plot 39, Tamil Nadu Tech Park",ROC-TAM,Tamil Nadu
U55223050365738974545,TamilNadu Innovations Pvt Ltd 41,Public,13/01/2024,100000,100000,Active,6202,"Plot 40, Tamil Nadu Tech Park",ROC-TAM,Tamil Nadu
U63085824851080404466,TamilNadu Innovations Pvt Ltd 42,Private,27/06/2025,100000,50000,Strike Off,1010,"Plot 41, Tamil Nadu Tech Park",ROC-TAM,Tamil Nadu
U67103395002454481058,TamilNadu Innovations Pvt Ltd 43,Public,12/12/2023,10000000,100000,Active,8299,"Plot 42, Tamil Nadu Tech Park",ROC-TAM,Tamil Nadu
U03830362950320234511,TamilNadu Innovations Pvt Ltd 44,One Person Company,22/08/2024,10000000,50000,Active,6820,"Plot 43, Tamil Nadu Tech Park",ROC-TAM,Tamil Nadu
U10841932609369433173,TamilNadu Innovations Pvt Ltd 45,Private,26/02/2024,10000000,500000,Active,6202,"Plot 44, Tamil Nadu Tech Park",ROC-TAM,Tamil Nadu
U26003338525116262133,TamilNadu Innovations Pvt Ltd 46,Public,11/06/2024,10000000,50000,Active,8299,"Plot 45, Tamil Nadu Tech Park",ROC-TAM,Tamil Nadu
U74364343770231471865,TamilNadu Innovations Pvt Ltd 47,Private,22/01/2025,500000,100000,Strike Off,1010,"Plot 46, Tamil Nadu Tech Park",ROC-TAM,Tamil Nadu
U29743542430063050782,TamilNadu Innovations Pvt Ltd 48,Public,03/07/2024,10000000,200000,Active,1010,"Plot 47, Tamil Nadu Tech Park",ROC-TAM,Tamil Nadu
U68734491668834696977,TamilNadu Innovations Pvt Ltd 49,Private,18/02/2025,100000,100000,Active,6820,"Plot 48, Tamil Nadu Tech Park",ROC-TAM,Tamil Nadu
U46426001083646600291,TamilNadu Innovations Pvt Ltd 50,One Person Company,29/08/2025,1000000,200000,Strike Off,1010,"Plot 49, Tamil Nadu Tech Park",ROC-TAM,Tamil Nadu
U25842745130303155787,TamilNadu Innovations Pvt Ltd 51,Public,12/09/2024,1000000,100000,Active,1010,"Plot 0, Tamil Nadu Tech Park",ROC-TAM,Tamil Nadu
U09159740913361666255,TamilNadu Innovations Pvt Ltd 52,Private,20/06/2025,100000,100000,Active,1010,"Plot 1, Tamil Nadu Tech Park",ROC-TAM,Tamil Nadu
U92998427266604067602,TamilNadu Innovations Pvt Ltd 53,One Person Company,27/02/2024,1000000,200000,Active,6820,"Plot 2, Tamil Nadu Tech Park",ROC-TAM,Tamil Nadu
U95945294831422334636,TamilNadu Innovations Pvt Ltd 54,One Person Company,17/05/2025,10000000,500000,Active,8299,"Plot 3, Tamil Nadu Tech Park",ROC-TAM,Tamil Nadu
U49190607868956282538,TamilNadu Innovations Pvt Ltd 55,Public,29/01/2025,5000000,500000,Active,8299,"Plot 4, Tamil Nadu Tech Park",ROC-TAM,Tamil Nadu
U00590126148977108938,TamilNadu Innovations Pvt Ltd 56,Public,30/06/2024,5000000,200000,Active,6820,"Plot 5, Tamil Nadu Tech Park",ROC-TAM,Tamil Nadu
U89304550674114663286,TamilNadu Innovations Pvt Ltd 57,One Person Company,26/09/2025,1000000,100000,Strike Off,1010,"Plot 6, Tamil Nadu Tech Park",ROC-TAM,Tamil Nadu
U29893632908000466905,TamilNadu Innovations Pvt Ltd 58,Private,04/03/2024,5000000,200000,Active,6202,"Plot 7, Tamil Nadu Tech Park",ROC-TAM,Tamil Nadu
U29333568277049477121,TamilNadu Innovations Pvt Ltd 59,Private,11/02/2024,500000,100000,Strike Off,8299,"Plot 8, Tamil Nadu Tech Park",ROC-TAM,Tamil Nadu
U01758046883332746958,TamilNadu Innovations Pvt Ltd 60,One Person Company,05/03/2025,1000000,100000,Active,8299,"Plot 9, Tamil Nadu Tech Park",ROC-TAM,Tamil Nadu
U19692716286815413376,TamilNadu Innovations Pvt Ltd 61,Private,04/03/2025,100000,50000,Strike Off,8299,"Plot 10, Tamil Nadu Tech Park",ROC-TAM,Tamil Nadu
U42692616845929442752,TamilNadu Innovations Pvt Ltd 62,Public,11/11/2023,100000,50000,Active,6820,"Plot 11, Tamil Nadu Tech Park",ROC-TAM,Tamil Nadu
U94600395809487691879,TamilNadu Innovations Pvt Ltd 63,One Person Company,18/01/2025,100000,50000,Active,6820,"Plot 12, Tamil Nadu Tech Park",ROC-TAM,Tamil Nadu
U08824759982654343265,TamilNadu Innovations Pvt Ltd 64,One Person Company,28/10/2024,100000,50000,Active,1010,"Plot 13, Tamil Nadu Tech Park",ROC-TAM,Tamil Nadu
U94308553177266447300,TamilNadu Innovations Pvt Ltd 65,Public,18/09/2024,100000,100000,Active,1010,"Plot 14, Tamil Nadu Tech Park",ROC-TAM,Tamil Nadu
U61098433020448744616,TamilNadu Innovations Pvt Ltd 66,One Person Company,25/04/2024,10000000,200000,Active,8299,"Plot 15, Tamil Nadu Tech Park",ROC-TAM,Tamil Nadu
U59088037179880837825,TamilNadu Innovations Pvt Ltd 67,Private,25/05/2024,500000,100000,Strike Off,8299,"Plot 16, Tamil Nadu Tech Park",ROC-TAM,Tamil Nadu
U31993325089222671047,TamilNadu Innovations Pvt Ltd 68,Public,28/03/2025,1000000,200000,Active,6202,"Plot 17, Tamil Nadu Tech Park",ROC-TAM,Tamil Nadu
U69004843740639456102,TamilNadu Innovations Pvt Ltd 69,Private,16/07/2025,100000,100000,Active,6202,"Plot 18, Tamil Nadu Tech Park",ROC-TAM,Tamil Nadu
U36528490549730179745,TamilNadu Innovations Pvt Ltd 70,Public,12/04/2025,5000000,50000,Active,6820,"Plot 19, Tamil Nadu Tech Park",ROC-TAM,Tamil Nadu
U89259489084097651421,TamilNadu Innovations Pvt Ltd 71,Private,05/08/2024,100000,50000,Active,6202,"Plot 20, Tamil Nadu Tech Park",ROC-TAM,Tamil Nadu
U76865089417320423864,TamilNadu Innovations Pvt Ltd 72,Private,20/05/2024,500000,100000,Active,6820,"Plot 21, Tamil Nadu Tech Park",ROC-TAM,Tamil Nadu
U00452220409925528724,TamilNadu Innovations Pvt Ltd 73,Private,29/02/2024,10000000,200000,Active,1010,"Plot 22, Tamil Nadu Tech Park",ROC-TAM,Tamil Nadu
U31860419561528322187,TamilNadu Innovations Pvt Ltd 74,Public,27/12/2024,10000000,50000,Active,1010,"Plot 23, Tamil Nadu Tech Park",ROC-TAM,Tamil Nadu
U65299987778071305904,TamilNadu Innovations Pvt Ltd 75,One Person Company,17/05/2024,100000,50000,Active,8299,"Plot 24, Tamil Nadu Tech Park",ROC-TAM,Tamil Nadu
U68412239695263976687,TamilNadu Innovations Pvt Ltd 76,Public,06/06/2025,1000000,500000,Active,8299,"Plot 25, Tamil Nadu Tech Park",ROC-TAM,Tamil Nadu
U71442943498602833952,TamilNadu Innovations Pvt Ltd 77,Public,13/03/2024,100000,50000,Active,1010,"Plot 26, Tamil Nadu Tech Park",ROC-TAM,Tamil Nadu
U45771895623565416483,TamilNadu Innovations Pvt Ltd 78,One Person Company,07/05/2024,5000000,100000,Active,6820,"Plot 27, Tamil Nadu Tech Park",ROC-TAM,Tamil Nadu
U42886819799902779761,TamilNadu Innovations Pvt Ltd 79,One Person Company,20/04/2024,500000,50000,Active,8299,"Plot 28, Tamil Nadu Tech Park",ROC-TAM,Tamil Nadu
U20530439916738256658,TamilNadu Innovations Pvt Ltd 80,Private,15/02/2025,10000000,50000,Active,1010,"Plot 29, Tamil Nadu Tech Park",ROC-TAM,Tamil Nadu
U42617858529214354532,TamilNadu Innovations Pvt Ltd 81,Public,25/07/2025,10000000,50000,Active,8299,"Plot 30, Tamil Nadu Tech Park",ROC-TAM,Tamil Nadu
U37726442126213460792,TamilNadu Innovations Pvt Ltd 82,Public,31/08/2024,5000000,100000,Active,1010,"Plot 31, Tamil Nadu Tech Park",ROC-TAM,Tamil Nadu
U51277097199794074030,TamilNadu Innovations Pvt Ltd 83,Private,19/04/2024,500000,100000,Active,8299,"Plot 32, Tamil Nadu Tech Park",ROC-TAM,Tamil Nadu
U21940209732787527448,TamilNadu Innovations Pvt Ltd 84,Private,26/01/2025,1000000,100000,Active,6820,"Plot 33, Tamil Nadu Tech Park",ROC-TAM,Tamil Nadu
U63696902648620494609,TamilNadu Innovations Pvt Ltd 85,One Person Company,16/12/2024,5000000,200000,Strike Off,6820,"Plot 34, Tamil Nadu Tech Park",ROC-TAM,Tamil Nadu
U49443221435117524212,TamilNadu Innovations Pvt Ltd 86,One Person Company,25/10/2023,10000000,100000,Active,8299,"Plot 35, Tamil Nadu Tech Park",ROC-TAM,Tamil Nadu
U44038724467861771590,TamilNadu Innovations Pvt Ltd 87,Private,01/10/2025,500000,100000,Active,6820,"Plot 36, Tamil Nadu Tech Park",ROC-TAM,Tamil Nadu
U69808457163856575670,TamilNadu Innovations Pvt Ltd 88,Private,26/10/2024,5000000,500000,Active,6202,"Plot 37, Tamil Nadu Tech Park",ROC-TAM,Tamil Nadu
U56536915418626563977,TamilNadu Innovations Pvt Ltd 89,Private,24/10/2024,500000,50000,Active,1010,"Plot 38, Tamil Nadu Tech Park",ROC-TAM,Tamil Nadu
U10965448852634669704,TamilNadu Innovations Pvt Ltd 90,One Person Company,17/11/2023,100000,100000,Amalgamated,6820,"Plot 39, Tamil Nadu Tech Park",ROC-TAM,Tamil Nadu
U10789451437747595392,TamilNadu Innovations Pvt Ltd 91,Public,16/08/2025,500000,100000,Active,8299,"Plot 40, Tamil Nadu Tech Park",ROC-TAM,Tamil Nadu
U35977500210056720473,TamilNadu Innovations Pvt Ltd 92,Private,21/04/2025,100000,100000,Active,1010,"Plot 41, Tamil Nadu Tech Park",ROC-TAM,Tamil Nadu
U60772436674474021947,TamilNadu Innovations Pvt Ltd 93,Private,07/06/2024,100000,50000,Active,1010,"Plot 42, Tamil Nadu Tech Park",ROC-TAM,Tamil Nadu
U08065883854868439248,TamilNadu Innovations Pvt Ltd 94,Private,30/03/2024,100000,100000,Amalgamated,6202,"Plot 43, Tamil Nadu Tech Park",ROC-TAM,Tamil Nadu
U75985431514029467661,TamilNadu Innovations Pvt Ltd 95,Public,11/12/2023,1000000,200000,Active,1010,"Plot 44, Tamil Nadu Tech Park",ROC-TAM,Tamil Nadu
U67524071968036811523,TamilNadu Innovations Pvt Ltd 96,Public,17/12/2024,100000,100000,Active,6202,"Plot 45, Tamil Nadu Tech Park",ROC-TAM,Tamil Nadu
U11647197697275154206,TamilNadu Innovations Pvt Ltd 97,Private,21/08/2025,100000,100000,Active,6820,"Plot 46, Tamil Nadu Tech Park",ROC-TAM,Tamil Nadu
U53341413945583453516,TamilNadu Innovations Pvt Ltd 98,One Person Company,20/02/2025,500000,500000,Active,1010,"Plot 47, Tamil Nadu Tech Park",ROC-TAM,Tamil Nadu
U48999957442612173977,TamilNadu Innovations Pvt Ltd 99,Public,12/04/2024,5000000,50000,Active,8299,"Plot 48, Tamil Nadu Tech Park",ROC-TAM,Tamil Nadu
U79041947880679252821,TamilNadu Innovations Pvt Ltd 100,Public,07/12/2023,1000000,50000,Active,8299,"Plot 49, Tamil Nadu Tech Park",ROC-TAM,Tamil Nadu
U71541438056543484976,TamilNadu Innovations Pvt Ltd 101,Private,11/07/2024,10000000,200000,Active,6202,"Plot 0, Tamil Nadu Tech Park",ROC-TAM,Tamil Nadu
U21290812493454905821,TamilNadu Innovations Pvt Ltd 102,Public,19/02/2025,5000000,100000,Active,6820,"Plot 1, Tamil Nadu Tech Park",ROC-TAM,Tamil Nadu
U51281283012885524399,TamilNadu Innovations Pvt Ltd 103,One Person Company,15/06/2024,100000,50000,Active,8299,"Plot 2, Tamil Nadu Tech Park",ROC-TAM,Tamil Nadu
U43931842588473466674,TamilNadu Innovations Pvt Ltd 104,One Person Company,21/12/2024,1000000,50000,Active,1010,"Plot 3, Tamil Nadu Tech Park",ROC-TAM,Tamil Nadu
U54429057177979297328,TamilNadu Innovations Pvt Ltd 105,Private,13/09/2024,10000000,50000,Active,6202,"Plot 4, Tamil Nadu Tech Park",ROC-TAM,Tamil Nadu
U72954786550475044278,TamilNadu Innovations Pvt Ltd 106,Public,30/05/2025,500000,100000,Active,6202,"Plot 5, Tamil Nadu Tech Park",ROC-TAM,Tamil Nadu
U71883334714170623726,TamilNadu Innovations Pvt Ltd 107,One Person Company,05/09/2024,100000,50000,Active,6202,"Plot 6, Tamil Nadu Tech Park",ROC-TAM,Tamil Nadu
L53096855834447099278,Karnataka Innovations Pvt Ltd 1,Private,19/03/2024,5000000,100000,Active,8299,"Plot 0, Karnataka Tech Park",ROC-KAR,Karnataka
L58803062178659584415,Karnataka Innovations Pvt Ltd 2,Public,20/06/2024,5000000,500000,Strike Off,6202,"Plot 1, Karnataka Tech Park",ROC-KAR,Karnataka
L68029845787290461032,Karnataka Innovations Pvt Ltd 3,Private,17/01/2025,500000,50000,Active,6820,"Plot 2, Karnataka Tech Park",ROC-KAR,Karnataka
L51947348115528027737,Karnataka Innovations Pvt Ltd 4,Private,20/05/2024,10000000,500000,Active,8299,"Plot 3, Karnataka Tech Park",ROC-KAR,Karnataka
L01325449668721095321,Karnataka Innovations Pvt Ltd 5,Public,17/09/2024,5000000,50000,Active,6202,"Plot 4, Karnataka Tech Park",ROC-KAR,Karnataka
L49818898993477090956,Karnataka Innovations Pvt Ltd 6,Private,22/08/2025,10000000,50000,Active,1010,"Plot 5, Karnataka Tech Park",ROC-KAR,Karnataka
L74430810540662753999,Karnataka Innovations Pvt Ltd 7,Public,22/04/2025,1000000,50000,Active,1010,"Plot 6, Karnataka Tech Park",ROC-KAR,Karnataka
L43186771429885374275,Karnataka Innovations Pvt Ltd 8,Private,21/07/2025,1000000,200000,Active,6820,"Plot 7, Karnataka Tech Park",ROC-KAR,Karnataka
L64945623069165316648,Karnataka Innovations Pvt Ltd 9,Public,11/09/2024,10000000,100000,Active,1010,"Plot 8, Karnataka Tech Park",ROC-KAR,Karnataka
L06276600114861447871,Karnataka Innovations Pvt Ltd 10,Private,15/02/2024,5000000,200000,Active,6820,"Plot 9, Karnataka Tech Park",ROC-KAR,Karnataka
L84023255968986024955,Karnataka Innovations Pvt Ltd 11,Private,14/09/2025,100000,50000,Active,6202,"Plot 10, Karnataka Tech Park",ROC-KAR,Karnataka
L87869581315066637414,Karnataka Innovations Pvt Ltd 12,One Person Company,27/06/2025,100000,100000,Amalgamated,1010,"Plot 11, Karnataka Tech Park",ROC-KAR,Karnataka
L97485708820778589834,Karnataka Innovations Pvt Ltd 13,Private,08/05/2024,500000,100000,Active,8299,"Plot 12, Karnataka Tech Park",ROC-KAR,Karnataka
L68568382722289253124,Karnataka Innovations Pvt Ltd 14,Private,11/05/2024,500000,500000,Active,1010,"Plot 13, Karnataka Tech Park",ROC-KAR,Karnataka
L03921698060402730077,Karnataka Innovations Pvt Ltd 15,Public,14/05/2025,5000000,100000,Strike Off,6820,"Plot 14, Karnataka Tech Park",ROC-KAR,Karnataka
L57662196300344025960,Karnataka Innovations Pvt Ltd 16,One Person Company,08/10/2024,10000000,50000,Active,6820,"Plot 15, Karnataka Tech Park",ROC-KAR,Karnataka
L01219608137286922449,Karnataka Innovations Pvt Ltd 17,Private,15/05/2025,10000000,500000,Active,1010,"Plot 16, Karnataka Tech Park",ROC-KAR,Karnataka
L69785719717126824861,Karnataka Innovations Pvt Ltd 18,Private,23/02/2024,100000,100000,Active,1010,"Plot 17, Karnataka Tech Park",ROC-KAR,Karnataka
L61866089819811722695,Karnataka Innovations Pvt Ltd 19,One Person Company,13/09/2024,100000,100000,Active,8299,"Plot 18, Karnataka Tech Park",ROC-KAR,Karnataka
L35592749319069222921,Karnataka Innovations Pvt Ltd 20,Public,10/05/2024,500000,200000,Active,1010,"Plot 19, Karnataka Tech Park",ROC-KAR,Karnataka
L85598198222096961536,Karnataka Innovations Pvt Ltd 21,Private,11/12/2023,5000000,200000,Active,6820,"Plot 20, Karnataka Tech Park",ROC-KAR,Karnataka
L56924054683854107565,Karnataka Innovations Pvt Ltd 22,Private,24/11/2023,10000000,100000,Active,6820,"Plot 21, Karnataka Tech Park",ROC-KAR,Karnataka
L00841205522604243581,Karnataka Innovations Pvt Ltd 23,Private,14/01/2025,10000000,100000,Active,8299,"Plot 22, Karnataka Tech Park",ROC-KAR,Karnataka
L64179912964921590744,Karnataka Innovations Pvt Ltd 24,One Person Company,12/10/2025,10000000,500000,Active,1010,"Plot 23, Karnataka Tech Park",ROC-KAR,Karnataka
L21499451402222705500,Karnataka Innovations Pvt Ltd 25,Public,15/07/2025,5000000,50000,Active,6202,"Plot 24, Karnataka Tech Park",ROC-KAR,Karnataka
L55589751358159996784,Karnataka Innovations Pvt Ltd 26,One Person Company,09/06/2025,10000000,200000,Active,6820,"Plot 25, Karnataka Tech Park",ROC-KAR,Karnataka
L74716439545800517653,Karnataka Innovations Pvt Ltd 27,Public,21/05/2024,10000000,50000,Dissolved,6202,"Plot 26, Karnataka Tech Park",ROC-KAR,Karnataka
L74147324610467798069,Karnataka Innovations Pvt Ltd 28,One Person Company,18/04/2024,500000,500000,Active,6202,"Plot 27, Karnataka Tech Park",ROC-KAR,Karnataka
L15159217336789731946,Karnataka Innovations Pvt Ltd 29,Public,02/11/2024,5000000,100000,Active,8299,"Plot 28, Karnataka Tech Park",ROC-KAR,Karnataka
L55532011965784237216,Karnataka Innovations Pvt Ltd 30,Private,23/02/2025,10000000,500000,Active,1010,"Plot 29, Karnataka Tech Park",ROC-KAR,Karnataka
L10588835954160544786,Karnataka Innovations Pvt Ltd 31,One Person Company,25/02/2024,500000,100000,Active,8299,"Plot 30, Karnataka Tech Park",ROC-KAR,Karnataka
L57885717206000339592,Karnataka Innovations Pvt Ltd 32,One Person Company,12/05/2024,500000,100000,Active,1010,"Plot 31, Karnataka Tech Park",ROC-KAR,Karnataka
L05906949308613371497,Karnataka Innovations Pvt Ltd 33,Private,14/02/2024,5000000,50000,Active,6202,"Plot 32, Karnataka Tech Park",ROC-KAR,Karnataka
L26236299196409726595,Karnataka Innovations Pvt Ltd 34,Private,11/06/2024,10000000,500000,Strike Off,8299,"Plot 33, Karnataka Tech Park",ROC-KAR,Karnataka
L33209205723465167058,Karnataka Innovations Pvt Ltd 35,One Person Company,22/09/2025,10000000,100000,Active,6202,"Plot 34, Karnataka Tech Park",ROC-KAR,Karnataka
L16819582746271716160,Karnataka Innovations Pvt Ltd 36,One Person Company,29/08/2025,5000000,200000,Active,8299,"Plot 35, Karnataka Tech Park",ROC-KAR,Karnataka
L53235411250676253424,Karnataka Innovations Pvt Ltd 37,One Person Company,01/06/2025,5000000,100000,Strike Off,1010,"Plot 36, Karnataka Tech Park",ROC-KAR,Karnataka
L99931826307356791892,Karnataka Innovations Pvt Ltd 38,Public,16/08/2024,500000,500000,Active,6202,"Plot 37, Karnataka Tech Park",ROC-KAR,Karnataka
L08692652704729591814,Karnataka Innovations Pvt Ltd 39,One Person Company,03/07/2025,5000000,50000,Active,1010,"Plot 38, Karnataka Tech Park",ROC-KAR,Karnataka
L48619099397514855642,Karnataka Innovations Pvt Ltd 40,Public,18/08/2024,10000000,500000,Active,1010,"Plot 39, Karnataka Tech Park",ROC-KAR,Karnataka
L43309338360617092797,Karnataka Innovations Pvt Ltd 41,Public,10/11/2024,10000000,50000,Active,8299,"Plot 40, Karnataka Tech Park",ROC-KAR,Karnataka
L80422126777061934033,Karnataka Innovations Pvt Ltd 42,Public,07/06/2024,10000000,50000,Amalgamated,6820,"Plot 41, Karnataka Tech Park",ROC-KAR,Karnataka
L73341046981761462159,Karnataka Innovations Pvt Ltd 43,Private,02/07/2025,1000000,500000,Active,1010,"Plot 42, Karnataka Tech Park",ROC-KAR,Karnataka
L71882586321990903389,Karnataka Innovations Pvt Ltd 44,Private,18/11/2024,1000000,500000,Active,6820,"Plot 43, Karnataka Tech Park",ROC-KAR,Karnataka
L48958033995909420523,Karnataka Innovations Pvt Ltd 45,Public,30/07/2025,500000,50000,Active,6202,"Plot 44, Karnataka Tech Park",ROC-KAR,Karnataka
L00613315917306552965,Karnataka Innovations Pvt Ltd 46,One Person Company,20/04/2025,100000,100000,Active,6820,"Plot 45, Karnataka Tech Park",ROC-KAR,Karnataka
L50195505879435459267,Karnataka Innovations Pvt Ltd 47,Public,31/03/2024,5000000,500000,Active,6820,"Plot 46, Karnataka Tech Park",ROC-KAR,Karnataka
L97480643296141659681,Karnataka Innovations Pvt Ltd 48,Public,11/09/2025,500000,500000,Active,6202,"Plot 47, Karnataka Tech Park",ROC-KAR,Karnataka
L10594208755313168188,Karnataka Innovations Pvt Ltd 49,Public,13/07/2024,10000000,500000,Active,6202,"Plot 48, Karnataka Tech Park",ROC-KAR,Karnataka
L36797129963577611230,Karnataka Innovations Pvt Ltd 50,Private,14/06/2024,5000000,100000,Amalgamated,6820,"Plot 49, Karnataka Tech Park",ROC-KAR,Karnataka
L76004181891325388982,Karnataka Innovations Pvt Ltd 51,Private,04/09/2024,100000,100000,Active,6202,"Plot 0, Karnataka Tech Park",ROC-KAR,Karnataka
L64833736309832287966,Karnataka Innovations Pvt Ltd 52,Private,16/03/2024,5000000,500000,Active,6202,"Plot 1, Karnataka Tech Park",ROC-KAR,Karnataka
L16514543821878920023,Karnataka Innovations Pvt Ltd 53,One Person Company,18/12/2023,10000000,200000,Active,8299,"Plot 2, Karnataka Tech Park",ROC-KAR,Karnataka
L35951534665955320228,Karnataka Innovations Pvt Ltd 54,Private,22/10/2023,1000000,100000,Active,6202,"Plot 3, Karnataka Tech Park",ROC-KAR,Karnataka
L77998876926317104984,Karnataka Innovations Pvt Ltd 55,One Person Company,05/07/2024,500000,500000,Active,8299,"Plot 4, Karnataka Tech Park",ROC-KAR,Karnataka
L34647668775674916929,Karnataka Innovations Pvt Ltd 56,Public,03/05/2025,1000000,500000,Active,6202,"Plot 5, Karnataka Tech Park",ROC-KAR,Karnataka
L06996923338598369892,Karnataka Innovations Pvt Ltd 57,Public,04/03/2024,100000,100000,Active,1010,"Plot 6, Karnataka Tech Park",ROC-KAR,Karnataka
L17006927870050754530,Karnataka Innovations Pvt Ltd 58,Private,16/12/2023,100000,100000,Active,1010,"Plot 7, Karnataka Tech Park",ROC-KAR,Karnataka
L39373874879330374534,Karnataka Innovations Pvt Ltd 59,One Person Company,08/01/2025,5000000,500000,Active,1010,"Plot 8, Karnataka Tech Park",ROC-KAR,Karnataka
L30435595262590768271,Karnataka Innovations Pvt Ltd 60,Public,22/03/2024,5000000,100000,Active,6820,"Plot 9, Karnataka Tech Park",ROC-KAR,Karnataka
L05036123583563524936,Karnataka Innovations Pvt Ltd 61,One Person Company,07/08/2025,5000000,100000,Active,6202,"Plot 10, Karnataka Tech Park",ROC-KAR,Karnataka
L33484142979913434932,Karnataka Innovations Pvt Ltd 62,One Person Company,15/12/2023,5000000,50000,Dissolved,1010,"Plot 11, Karnataka Tech Park",ROC-KAR,Karnataka
L75094723656881235457,Karnataka Innovations Pvt Ltd 63,Private,09/12/2024,100000,50000,Active,1010,"Plot 12, Karnataka Tech Park",ROC-KAR,Karnataka
L37378441832123859487,Karnataka Innovations Pvt Ltd 64,One Person Company,10/07/2024,10000000,100000,Active,6202,"Plot 13, Karnataka Tech Park",ROC-KAR,Karnataka
L75939667152733155072,Karnataka Innovations Pvt Ltd 65,Private,27/09/2024,100000,50000,Active,1010,"Plot 14, Karnataka Tech Park",ROC-KAR,Karnataka
L46483870360717370486,Karnataka Innovations Pvt Ltd 66,Public,18/04/2025,5000000,100000,Active,6820,"Plot 15, Karnataka Tech Park",ROC-KAR,Karnataka
L32198260701031001511,Karnataka Innovations Pvt Ltd 67,Public,19/09/2025,10000000,100000,Active,6820,"Plot 16, Karnataka Tech Park",ROC-KAR,Karnataka
L71687873968836529571,Karnataka Innovations Pvt Ltd 68,One Person Company,27/12/2023,1000000,500000,Active,8299,"Plot 17, Karnataka Tech Park",ROC-KAR,Karnataka
L31906357665338488311,Karnataka Innovations Pvt Ltd 69,Private,18/01/2025,1000000,200000,Active,1010,"Plot 18, Karnataka Tech Park",ROC-KAR,Karnataka
L19016008132369118564,Karnataka Innovations Pvt Ltd 70,Public,05/05/2024,5000000,500000,Active,6820,"Plot 19, Karnataka Tech Park",ROC-KAR,Karnataka
L15067972602584488549,Karnataka Innovations Pvt Ltd 71,One Person Company,22/10/2024,5000000,500000,Strike Off,6820,"Plot 20, Karnataka Tech Park",ROC-KAR,Karnataka
L22102269807023701454,Karnataka Innovations Pvt Ltd 72,Private,13/11/2024,500000,200000,Active,8299,"Plot 21, Karnataka Tech Park",ROC-KAR,Karnataka
L83786045797883520508,Karnataka Innovations Pvt Ltd 73,One Person Company,25/05/2025,100000,100000,Active,1010,"Plot 22, Karnataka Tech Park",ROC-KAR,Karnataka
L15609453546301591436,Karnataka Innovations Pvt Ltd 74,Public,22/12/2024,1000000,500000,Active,6820,"Plot 23, Karnataka Tech Park",ROC-KAR,Karnataka
L04607262371598984258,Karnataka Innovations Pvt Ltd 75,One Person Company,13/07/2024,5000000,500000,Active,6820,"Plot 24, Karnataka Tech Park",ROC-KAR,Karnataka
L46928074981096984337,Karnataka Innovations Pvt Ltd 76,One Person Company,27/11/2023,100000,100000,Active,8299,"Plot 25, Karnataka Tech Park",ROC-KAR,Karnataka
L95142681679763398984,Karnataka Innovations Pvt Ltd 77,One Person Company,04/06/2025,100000,100000,Active,8299,"Plot 26, Karnataka Tech Park",ROC-KAR,Karnataka
L76312681636465164800,Karnataka Innovations Pvt Ltd 78,One Person Company,04/01/2024,1000000,50000,Amalgamated,6820,"Plot 27, Karnataka Tech Park",ROC-KAR,Karnataka
L60676469181147585407,Karnataka Innovations Pvt Ltd 79,One Person Company,05/03/2025,10000000,100000,Active,6820,"Plot 28, Karnataka Tech Park",ROC-KAR,Karnataka
L01510037535583590660,Karnataka Innovations Pvt Ltd 80,One Person Company,24/12/2024,10000000,50000,Active,6820,"Plot 29, Karnataka Tech Park",ROC-KAR,Karnataka
L72021131740560286355,Karnataka Innovations Pvt Ltd 81,One Person Company,09/10/2024,1000000,100000,Active,1010,"Plot 30, Karnataka Tech Park",ROC-KAR,Karnataka
L26550157414854958692,Karnataka Innovations Pvt Ltd 82,Private,07/12/2023,10000000,500000,Active,6820,"Plot 31, Karnataka Tech Park",ROC-KAR,Karnataka
L53467415826752025305,Karnataka Innovations Pvt Ltd 83,Public,29/08/2025,1000000,500000,Strike Off,6820,"Plot 32, Karnataka Tech Park",ROC-KAR,Karnataka
L26977240879190387295,Karnataka Innovations Pvt Ltd 84,Public,02/03/2025,100000,100000,Active,8299,"Plot 33, Karnataka Tech Park",ROC-KAR,Karnataka
L88273969764074212819,Karnataka Innovations Pvt Ltd 85,Public,02/11/2023,500000,50000,Active,6820,"Plot 34, Karnataka Tech Park",ROC-KAR,Karnataka
L40971541905527828745,Karnataka Innovations Pvt Ltd 86,Public,07/05/2024,5000000,50000,Active,1010,"Plot 35, Karnataka Tech Park",ROC-KAR,Karnataka
L96098633965285191049,Karnataka Innovations Pvt Ltd 87,Private,14/05/2025,5000000,50000,Active,8299,"Plot 36, Karnataka Tech Park",ROC-KAR,Karnataka
L24665863985086553327,Karnataka Innovations Pvt Ltd 88,Private,19/11/2024,10000000,500000,Active,1010,"Plot 37, Karnataka Tech Park",ROC-KAR,Karnataka
L86339622457067491358,Karnataka Innovations Pvt Ltd 89,Public,02/07/2024,5000000,100000,Active,1010,"Plot 38, Karnataka Tech Park",ROC-KAR,Karnataka
L15547911682625205204,Karnataka Innovations Pvt Ltd 90,One Person Company,22/10/2024,1000000,200000,Active,8299,"Plot 39, Karnataka Tech Park",ROC-KAR,Karnataka
L22077851079369307989,Karnataka Innovations Pvt Ltd 91,One Person Company,29/04/2025,100000,100000,Active,8299,"Plot 40, Karnataka Tech Park",ROC-KAR,Karnataka
L38319210536690879074,Karnataka Innovations Pvt Ltd 92,Private,29/06/2024,5000000,200000,Active,6202,"Plot 41, Karnataka Tech Park",ROC-KAR,Karnataka
L23171566078673720758,Karnataka Innovations Pvt Ltd 93,Public,19/02/2024,100000,50000,Active,8299,"Plot 42, Karnataka Tech Park",ROC-KAR,Karnataka
L69221014093990974932,Karnataka Innovations Pvt Ltd 94,Public,20/09/2025,5000000,50000,Active,6202,"Plot 43, Karnataka Tech Park",ROC-KAR,Karnataka
L62325898095036389480,Karnataka Innovations Pvt Ltd 95,Public,24/09/2024,5000000,200000,Active,1010,"Plot 44, Karnataka Tech Park",ROC-KAR,Karnataka
L37141588033091592822,Karnataka Innovations Pvt Ltd 96,Private,27/04/2025,1000000,100000,Active,6202,"Plot 45, Karnataka Tech Park",ROC-KAR,Karnataka
L68881055374680836333,Karnataka Innovations Pvt Ltd 97,Public,13/03/2025,500000,50000,Active,6820,"Plot 46, Karnataka Tech Park",ROC-KAR,Karnataka
L58062302650836364032,Karnataka Innovations Pvt Ltd 98,One Person Company,16/01/2025,100000,100000,Active,6202,"Plot 47, Karnataka Tech Park",ROC-KAR,Karnataka
L19381707240052735987,Karnataka Innovations Pvt Ltd 99,Public,14/06/2025,10000000,200000,Active,6820,"Plot 48, Karnataka Tech Park",ROC-KAR,Karnataka
L91627783928815241321,Karnataka Innovations Pvt Ltd 100,Private,05/12/2024,1000000,500000,Active,6202,"Plot 49, Karnataka Tech Park",ROC-KAR,Karnataka
L43319374997594398949,Karnataka Innovations Pvt Ltd 101,One Person Company,13/04/2025,1000000,100000,Active,6820,"Plot 0, Karnataka Tech Park",ROC-KAR,Karnataka
L08742448614817231858,Karnataka Innovations Pvt Ltd 102,Private,01/12/2024,1000000,50000,Active,1010,"Plot 1, Karnataka Tech Park",ROC-KAR,Karnataka
L45640816770968277874,Karnataka Innovations Pvt Ltd 103,One Person Company,30/04/2024,5000000,100000,Active,6202,"Plot 2, Karnataka Tech Park",ROC-KAR,Karnataka
L92397085124581466327,Karnataka Innovations Pvt Ltd 104,One Person Company,16/04/2024,10000000,500000,Active,6202,"Plot 3, Karnataka Tech Park",ROC-KAR,Karnataka
L06391730762261465961,Karnataka Innovations Pvt Ltd 105,Private,26/12/2024,500000,500000,Active,8299,"Plot 4, Karnataka Tech Park",ROC-KAR,Karnataka
L73160196906421688997,Karnataka Innovations Pvt Ltd 106,Public,01/08/2024,500000,500000,Active,8299,"Plot 5, Karnataka Tech Park",ROC-KAR,Karnataka
L53142234155717736600,Karnataka Innovations Pvt Ltd 107,One Person Company,03/04/2025,100000,100000,Active,6202,"Plot 6, Karnataka Tech Park",ROC-KAR,Karnataka
L43365759699450272023,Karnataka Innovations Pvt Ltd 108,One Person Company,19/03/2024,5000000,50000,Active,8299,"Plot 7, Karnataka Tech Park",ROC-KAR,Karnataka
L83824024570204738554,Karnataka Innovations Pvt Ltd 109,One Person Company,04/04/2024,10000000,200000,Active,6820,"Plot 8, Karnataka Tech Park",ROC-KAR,Karnataka
